business_id,prioridad,puntaje,zona,nombre,rubro,ciudad,empleados,facturacion_usd,web,linkedin,instagram_buscar,biblioteca_anuncios,notas,descripcion
9e701f092fb3a4651de262c1375e7440,A,65,RM,Wild Brands,Moda / Retail,santiago,51-200,10M-25M,https://thewildbrands.com,https://www.linkedin.com/company/wild-brands,https://www.instagram.com/explore/search/keyword/?q=Wild%20Brands,https://www.facebook.com/ads/library/?active_status=all&ad_type=all&country=CL&q=Wild%20Brands,,"Wild Brands es una empresa de retail que participa en el mundo de los textiles y de la alimentacion saludable. Wild Brands Retail opera bajo sus marcas Wrap y Wild Lama, mientras que Wild Foods opera bajo sus marcas Soul Bar, Way Bar y Wild Protein. Con fuerte participacion en el mercado Chileno, Wi"
3685ef21c4d2387a041ce35c93984b80,A,65,RM,Froens,Moda / Retail,santiago,51-200,10M-25M,https://froens.cl,https://www.linkedin.com/company/froens,https://www.instagram.com/explore/search/keyword/?q=Froens,https://www.facebook.com/ads/library/?active_status=all&ad_type=all&country=CL&q=Froens,,"Somos 3 amigos que desde chicos compartimos los mismos gustos y pasiones, amantes del deporte, la vida al aire libre y los dias de playa. Queremos demostrar que la vida puede ser mas relajada, buscamos inspirar y motivar a la gente a romper su rutina y disfrutar el dia a dia. A traves del tiempo hem"
f528ac131d0c2959f948444523b41025,A,65,RM,Wizz,Odontología,santiago,51-200,10M-25M,https://wizz.life,https://www.linkedin.com/company/wizz-life,https://www.instagram.com/explore/search/keyword/?q=Wizz,https://www.facebook.com/ads/library/?active_status=all&ad_type=all&country=CL&q=Wizz,,"Con 17 clinicas distribuidas en Chile, Colombia y Mexico, Wizz es la clinica de ortodoncia invisible #1 en America Latina. Somos una healthtech de alto crecimiento que busca transformar sonrisas y personas con nuestros alineadores invisibles, fabricados a base de tecnologia 3D. Mas de 18.000 pacient"
8d6e8411945395804e3338d2a656d13d,A,65,RM,Cardinale S.A.,Moda / Retail,santiago,51-200,10M-25M,https://cardinale.cl,https://www.linkedin.com/company/cardinale-s.a.,https://www.instagram.com/explore/search/keyword/?q=Cardinale%20S.A.,https://www.facebook.com/ads/library/?active_status=all&ad_type=all&country=CL&q=Cardinale%20S.A.,,"Grupo Cardinale, empresa lider en la industria del calzado de hombre y mujer compuesta por las marcas Cardinale, Bullboxer Shoes, Carmela Shoes y La Zapateria Concept Store, especialistas en ventas mayoristas, minoristas ,online de zapatos y accesorios. Cardinale, zapateros desde 1964, especialistas"
1769e23dd9e8646e086f46b93a48c324,A,65,RM,Empresa en Movimiento,Fitness / Wellness / Estética,providencia,51-200,10M-25M,https://empresaenmovimiento.com,https://www.linkedin.com/company/empresa-en-movimiento,https://www.instagram.com/explore/search/keyword/?q=Empresa%20en%20Movimiento,https://www.facebook.com/ads/library/?active_status=all&ad_type=all&country=CL&q=Empresa%20en%20Movimiento,,"Nos especializamos en crear experiencias de alto valor, personalizadas y centradas en las personas, que transforman la cultura organizacional y mejoran el bienestar diario de los colaboradores.  Si buscas soluciones eficientes, humanas y adaptadas a las necesidades de tu empresa, estamos aqui para a"
8949770961821389c06fce3a4f3eef3e,A,65,RM,Terapia Online,Fitness / Wellness / Estética,santiago,51-200,10M-25M,https://terapiaonline.cl,https://www.linkedin.com/company/terapiaonline-cl,https://www.instagram.com/explore/search/keyword/?q=Terapia%20Online,https://www.facebook.com/ads/library/?active_status=all&ad_type=all&country=CL&q=Terapia%20Online,,"Servicio de atencion Psicologica y otras especialidades de Salud Mental por telemedicina desde cualquier lugar del mundo. Somos parte de Centro de Terapia del Comportamiento, institucion de Salud Mental con mas de 40 anos de experiencia."
005e986abdaf799f66a46f916546467d,A,65,RM,ECR® Salud,Fitness / Wellness / Estética,santiago,51-200,10M-25M,https://ecrsalud.cl,https://www.linkedin.com/company/ecr-salud,https://www.instagram.com/explore/search/keyword/?q=ECR%C2%AE%20Salud,https://www.facebook.com/ads/library/?active_status=all&ad_type=all&country=CL&q=ECR%C2%AE%20Salud,,"En ECR Salud somos una empresa especializada en entregar soluciones integrales para el sector salud, combinando talento humano, gestion clinica y programas de bienestar con una mirada innovadora y flexible. Acompanamos a instituciones de salud, empresas y organizaciones a asegurar la continuidad ope"
60df200427aa007416c594fa72ee62c5,A,65,RM,Miniclinic SpA,Fitness / Wellness / Estética,las condes,51-200,10M-25M,https://miniclinic.cl,https://www.linkedin.com/company/miniclinic-s.a.,https://www.instagram.com/explore/search/keyword/?q=Miniclinic%20SpA,https://www.facebook.com/ads/library/?active_status=all&ad_type=all&country=CL&q=Miniclinic%20SpA,,"Somos los creadores de una innovadora forma de atencion en salud: de manera cercana, de calidad y a un precio justo. Miniclinic es una cadena de consultas de atencion medica primara, ubicadas en lugares de conveniencia junto a grandes supermercados y centros comerciales. Nuestros medicos tienen el c"
9a97e5946fd357b3f4e553a721f9765e,A,65,RM,Lineatre C.Giovo,Moda / Retail,quilicura,51-200,10M-25M,https://lineatre.cl,https://www.linkedin.com/company/lineatre-c-giovo,https://www.instagram.com/explore/search/keyword/?q=Lineatre%20C.Giovo,https://www.facebook.com/ads/library/?active_status=all&ad_type=all&country=CL&q=Lineatre%20C.Giovo,,Lineatre es una marca de moda/retail que se enfoca en prendas de calidad traidas directamente desde Italia. Al momento con mas de 16 tiendas en todo Chile esta marca con cerca de 30 anos de historia se acompana de dos tiendas hermanas. Una de ellas es Leidiro que se preocupa de traer ropa exclusiva 
e17d5b421ce9dcb324186b9b0cf3091d,A,65,RM,+MUND,Fitness / Wellness / Estética,vitacura,51-200,10M-25M,https://masmund.cl,https://www.linkedin.com/company/masmund,https://www.instagram.com/explore/search/keyword/?q=%2BMUND,https://www.facebook.com/ads/library/?active_status=all&ad_type=all&country=CL&q=%2BMUND,,"+Mund es un espacio integral de bienestar que nace de la fusion del clasico Spa Mund y la innovacion de +Relax. Somos un equipo que cree en el poder del autocuidado consciente, en el valor de la pausa y en la importancia de crear experiencias que conecten cuerpo, mente y alma. La transformacion de +"
3e4c96cbc984c4e2ec638044ebbc725a,A,65,RM,Motion Center,Fitness / Wellness / Estética,lo barnechea,51-200,10M-25M,https://motioncenter.cl,https://www.linkedin.com/company/motioncenter,https://www.instagram.com/explore/search/keyword/?q=Motion%20Center,https://www.facebook.com/ads/library/?active_status=all&ad_type=all&country=CL&q=Motion%20Center,,"Te invitamos a conocer una nueva forma de poner a tu salud como prioridad. Entregamos servicios personalizados y acorde a tus objetivos, basados en parametros cientificos."
0134e965face87c221b1dff9310dd14c,A,65,RM,Bar Liguria Ltda.,Gastronomía,santiago,51-200,10M-25M,https://liguria.cl,https://www.linkedin.com/company/bar-liguria-ltda,https://www.instagram.com/explore/search/keyword/?q=Bar%20Liguria%20Ltda.,https://www.facebook.com/ads/library/?active_status=all&ad_type=all&country=CL&q=Bar%20Liguria%20Ltda.,,"Bar Restaurant. Desde 1990 ofreciendo comida rica, suculentos sanguches y platos chilenos, entre otro. Gran variedad de vinos y licores."
b74361b39fdbe53669a4e61c788b1d0c,A,65,RM,Baziani,Moda / Retail,santiago,51-200,10M-25M,https://baziani.cl,https://www.linkedin.com/company/baziani,https://www.instagram.com/explore/search/keyword/?q=Baziani,https://www.facebook.com/ads/library/?active_status=all&ad_type=all&country=CL&q=Baziani,,
a73b5b49bc0730dc8a9a3ff45c3c57a7,A,65,RM,Sakura,Gastronomía,santiago,51-200,10M-25M,https://sakura.cl,https://www.linkedin.com/company/sakura-express,https://www.instagram.com/explore/search/keyword/?q=Sakura,https://www.facebook.com/ads/library/?active_status=all&ad_type=all&country=CL&q=Sakura,,"Con mas de 28 anos de trayectoria, Sakura ha llevado la excelencia del sushi al dia a dia de las personas. Combinamos ingredientes frescos, recetas originales y una dedicacion constante al sabor, manteniendo la calidad que nos distingue. Hoy seguimos creciendo y reafirmando un proposito que nos acom"
f305fe06ef5d92e1aeaf21b3978fea79,A,64,RM,Praxis Servicios de Salud a Empresas,Fitness / Wellness / Estética,las,11-50,5M-10M,,https://www.linkedin.com/company/praxispa,https://www.instagram.com/explore/search/keyword/?q=Praxis%20Servicios%20de%20Salud%20a%20Empresas,https://www.facebook.com/ads/library/?active_status=all&ad_type=all&country=CL&q=Praxis%20Servicios%20de%20Salud%20a%20Empresas,SIN WEB PROPIA — necesidad evidente,"Praxis Salud y Praxis Spa ofrecen soluciones integrales de salud, bienestar y autocuidado para empresas en todo Chile. Nuestro objetivo es mejorar la calidad de vida de los colaboradores mediante programas preventivos que promueven entornos laborales mas sanos, productivos y equilibrados. Contamos c"
65a062d46d02d4af32e7beca1756ef98,A,64,RM,Kinesic Lab,Fitness / Wellness / Estética,san miguel,11-50,5M-10M,https://wa.me,https://www.linkedin.com/company/kinesic-lab,https://www.instagram.com/explore/search/keyword/?q=Kinesic%20Lab,https://www.facebook.com/ads/library/?active_status=all&ad_type=all&country=CL&q=Kinesic%20Lab,SIN WEB PROPIA — necesidad evidente,SOMOS PROFESIONALES DE LA SALUD ESPECIALISTAS EN LA PRESCRIPCION DE EJERCICIO. TRABAJAMOS ARDUAMENTE EN CONSEGUIR QUE NUESTROS PACIENTES SE SUMERGAN EN UN MUNDO QUE BUSCA MEJORAR LA SALUD Y LOS ESTILOS DE VIDA. NOS ASEGURAMOS DE BRINDAR EXPERIENCIAS DE SERVICIO UNICAS Y EXCLUSIVAS DE LA MANO DEL EJE
9cdbc83680065affe90b3d4a9a988365,A,64,RM,Skóra,Moda / Retail,las condes,11-50,5M-10M,,https://www.linkedin.com/company/skoramodaintima,https://www.instagram.com/explore/search/keyword/?q=Sk%C3%B3ra,https://www.facebook.com/ads/library/?active_status=all&ad_type=all&country=CL&q=Sk%C3%B3ra,SIN WEB PROPIA — necesidad evidente,"Skora fue fundada en 2018 cuando lanzamos la primera coleccion de lenceria ,lo cual nos impulso al diseno y desarrollo de nuevas lineas de productos. Actualmente contamos con una linea de lenceria,bikinis, pijamas y accesorios para el cabello. La confianza y empoderamiento que obtiene cada mujer al "
3ddef5a24ecc6239f2a2e3d09f6f147e,A,64,RM,Tecnoeco,Fitness / Wellness / Estética,santiago,11-50,5M-10M,,https://www.linkedin.com/company/tecnoecochile,https://www.instagram.com/explore/search/keyword/?q=Tecnoeco,https://www.facebook.com/ads/library/?active_status=all&ad_type=all&country=CL&q=Tecnoeco,SIN WEB PROPIA — necesidad evidente,Servicios de Ecografias en Centros Medicos y Clinicas. Atencion domiciliaria
9c0bf7fb9f24b7e96ce790f37bbf8ac1,A,60,RM,Redental,Centro médico / Clínica,providencia,51-200,10M-25M,https://redental.cl,https://www.linkedin.com/company/redental,https://www.instagram.com/explore/search/keyword/?q=Redental,https://www.facebook.com/ads/library/?active_status=all&ad_type=all&country=CL&q=Redental,,"Aumenta los beneficios a tus trabajadores, con un convenio gratuito y de alto impacto. +40 anos trabajando con grandes y pequenas empresas. Somos expertos en convenios. Si tienes un seguro colectivo dental, contamos con reembolso en linea pagas solo el copago! Desde nuestros inicios hemos querido br"
b0e5b44117c5462238ea5c7ac289343f,A,60,RM,Outlife,Entretención / Recreación,santiago,51-200,10M-25M,https://outlife.cl,https://www.linkedin.com/company/outlife1,https://www.instagram.com/explore/search/keyword/?q=Outlife,https://www.facebook.com/ads/library/?active_status=all&ad_type=all&country=CL&q=Outlife,,"Somos un equipo multidisciplinario especializado en el desarrollo y administracion de espacios outdoors. Creemos en la vida al aire libre. Buscamos poner en valor la riqueza natural de los lugares, creando comunidad en torno a la vida al aire libre, la practica del deporte y el cuidado de la natural"
e745a282f2f71deaa4018bd9bc74f0ee,A,60,RM,Auditron Chile S.A.,Centro médico / Clínica,providencia.,51-200,10M-25M,https://auditron.cl,https://www.linkedin.com/company/auditronchile,https://www.instagram.com/explore/search/keyword/?q=Auditron%20Chile%20S.A.,https://www.facebook.com/ads/library/?active_status=all&ad_type=all&country=CL&q=Auditron%20Chile%20S.A.,,"Auditron | Soluciones Auditivas Profesionales en Chile Somos lideres a nivel nacional en Otorrinolaringologia y Audiologia, con un portafolio integral que incluye:  Audifonos clinicos y pediatricos  Equipos de diagnostico (audiometros, impedanciometros, emisiones otoacusticas, potenciales evocados) "
dd145b4d5bb156b986e292600c1db3a5,A,60,RM,O&E Dental,Centro médico / Clínica,santiago,51-200,10M-25M,https://oyedental.cl,https://www.linkedin.com/company/clínica-ortodoncia-&-estética,https://www.instagram.com/explore/search/keyword/?q=O%26E%20Dental,https://www.facebook.com/ads/library/?active_status=all&ad_type=all&country=CL&q=O%26E%20Dental,,"Con mas de 10 anos en el mercado, Ortodoncia & Estetica es una red de clinicas dentales que otorga servicios odontologicos especializados, contribuyendo a resolver con excelencia la salud oral sus pacientes. En sus comodas instalaciones, atienden mas de 160 profesionales de diversas areas, quienes c"
96821c1742b009b5f38caad9a533d63c,A,60,RM,Unidad Medicina Reproductiva Clínica MEDS,Centro médico / Clínica,lo barnechea,51-200,10M-25M,https://meds.cl,https://www.linkedin.com/company/umrmeds,https://www.instagram.com/explore/search/keyword/?q=Unidad%20Medicina%20Reproductiva%20Cl%C3%ADnica%20MEDS,https://www.facebook.com/ads/library/?active_status=all&ad_type=all&country=CL&q=Unidad%20Medicina%20Reproductiva%20Cl%C3%ADnica%20MEDS,,"Mas de 30 anos ayudando a cumplir el sueno de ser Nuestra mision es entregar a las personas con o sin diagnostico de infertilidad, la medicina del mas alto nivel para concebir un hijo, respetando su individualidad, creencias y orientacion sexual."
dbc7949156ea12eadf55988b28077496,A,60,RM,Stadio Italiano,Entretención / Recreación,las condes,51-200,10M-25M,https://stadioitaliano.cl,https://www.linkedin.com/company/stadio-italiano,https://www.instagram.com/explore/search/keyword/?q=Stadio%20Italiano,https://www.facebook.com/ads/library/?active_status=all&ad_type=all&country=CL&q=Stadio%20Italiano,,"Italia nos une, Stadio nos reune. Deporte, cultura, recreacion, gastronomia y vida social. Somos una Corporacion de Derecho Privado, sin fines de lucro cuya finalidad es mantener unidos a los italianos y sus descendientes a traves de actividades culturales, deportivas, sociales y recreativas. Mientr"
c6b3083695be0bb68dc5ac5945091517,A,60,RM,Medcorp S.A.,Centro médico / Clínica,santiago,51-200,10M-25M,https://medcorp.cl,https://www.linkedin.com/company/medcorp-s-a,https://www.instagram.com/explore/search/keyword/?q=Medcorp%20S.A.,https://www.facebook.com/ads/library/?active_status=all&ad_type=all&country=CL&q=Medcorp%20S.A.,,"Distribuidor autorizado en Chile de GCAesthetics, PMT Corporation, GalaFlex, ExaShape, Flex HD, Marena, NewGel+, Faga Medical, Stille, Wells Johnson, 3M VAC, Samyang, Auxein y Lifescan."
0325022f1e4fb4081a8ab4a2781fa0c8,A,60,Valparaíso,Caimi SAC,Moda / Retail,valparaiso,51-200,10M-25M,https://caimi.cl,https://www.linkedin.com/company/caimi-s-a-c,https://www.instagram.com/explore/search/keyword/?q=Caimi%20SAC,https://www.facebook.com/ads/library/?active_status=all&ad_type=all&country=CL&q=Caimi%20SAC,,"Aspiramos a trabajar de la mano con nuestros clientes, poniendo a su disposicion todo nuestro espiritu de innovacion y profundo respeto por la vida, creando productos cuidadosos con el medio ambiente y la vida animal, de alta performance tecnica y alineados con las tendencias mundiales. Buscamos ten"
07f277d11385acb7043f5dd463eb2c20,A,60,RM,Clínica Las Mercedes,Centro médico / Clínica,melipilla,51-200,10M-25M,https://clinicalasmercedes.cl,https://www.linkedin.com/company/clínica-las-mercedes,https://www.instagram.com/explore/search/keyword/?q=Cl%C3%ADnica%20Las%20Mercedes,https://www.facebook.com/ads/library/?active_status=all&ad_type=all&country=CL&q=Cl%C3%ADnica%20Las%20Mercedes,,"Somos la primera clinica dental dirigida por dentistas tituladas de la Pontificia Universidad Catolica de Chile. Nuestros tratamientos estan orientados a ninos, adultos y pacientes de la tercera edad. Contamos con la acreditacion de la SEREMI de Salud Metropolitana, tanto para el funcionamiento de l"
e6c08265ea9f7020eab61f31d19ef675,B,57,Sin dato,CLÍNICA EL BOSQUE,Centro médico / Clínica,sin dato,51-200,10M-25M,,https://www.linkedin.com/company/clínica-el-bosque,https://www.instagram.com/explore/search/keyword/?q=CL%C3%8DNICA%20EL%20BOSQUE,https://www.facebook.com/ads/library/?active_status=all&ad_type=all&country=CL&q=CL%C3%8DNICA%20EL%20BOSQUE,SIN WEB PROPIA — necesidad evidente,Especialistas en lnfancia y Adolescencia.
ff5dd958097694802a2deba9c7aa7461,B,57,Sin dato,Clinica Puerto Varas Spa.,Centro médico / Clínica,sin dato,51-200,10M-25M,,https://www.linkedin.com/company/clinica-alemana-puerto-varas,https://www.instagram.com/explore/search/keyword/?q=Clinica%20Puerto%20Varas%20Spa.,https://www.facebook.com/ads/library/?active_status=all&ad_type=all&country=CL&q=Clinica%20Puerto%20Varas%20Spa.,SIN WEB PROPIA — necesidad evidente,"Clinica Alemana Puerto Varas is a Medical Practice company located in Volcan Tulapalca 1870, Villa Sol de Oriente, Puerto Montt, Los Lagos Region, Chile."
38b714728019027fc0169e01e4a625e6,B,55,Valparaíso,Saludtech,Centro médico / Clínica,valparaíso,51-200,10M-25M,https://saludtech.cl,https://www.linkedin.com/company/saludtech,https://www.instagram.com/explore/search/keyword/?q=Saludtech,https://www.facebook.com/ads/library/?active_status=all&ad_type=all&country=CL&q=Saludtech,,La primera clinica digital con proposito social en Chile.
21fa65618813d5a0e6fe5aa47abbb401,B,55,Valparaíso,Clinica los Leones,Centro médico / Clínica,calera,51-200,10M-25M,https://clinicalosleones.cl,https://www.linkedin.com/company/clinica-los-leones,https://www.instagram.com/explore/search/keyword/?q=Clinica%20los%20Leones,https://www.facebook.com/ads/library/?active_status=all&ad_type=all&country=CL&q=Clinica%20los%20Leones,,"Clinica los Leones is a medical practice company based out of Almirante Latorre 98 , La Calera, Calera, Chile."
a49fdf5b8e2b336bf83f9072d04f6874,B,55,Valparaíso,SPORTS - Medicina Deportiva,Centro médico / Clínica,viña del mar valparíso,51-200,10M-25M,https://sportsmd.cl,https://www.linkedin.com/company/sports-medicina-deportiva,https://www.instagram.com/explore/search/keyword/?q=SPORTS%20-%20Medicina%20Deportiva,https://www.facebook.com/ads/library/?active_status=all&ad_type=all&country=CL&q=SPORTS%20-%20Medicina%20Deportiva,,"SPORTS es el primer centro especializado en medicina deportiva de la V Region de Valparaiso. Con 6 sedes ubicadas en Vina del Mar, Concon, Villa Alemana y Valparaiso, contamos con un equipo multidisciplinario de medicos y profesionales dedicados a la prevencion, diagnostico y tratamiento integral de"
e930429cef48e26a15d95ca10915f01e,B,53,RM,Sokobox,Farmacia / Salud retail,santiago,51-200,10M-25M,https://sokobox.cl,https://www.linkedin.com/company/sokobox,https://www.instagram.com/explore/search/keyword/?q=Sokobox,https://www.facebook.com/ads/library/?active_status=all&ad_type=all&country=CL&q=Sokobox,,"Sokobox is a leading lifestyle brand with roots in Korean beauty and a passion for bringing innovative, high-quality products to its community. Over the past six years, weve grown to offer skincare, haircare, and beyond, curating experiences that celebrate self-care and personal expression. With a d"
9dc70165585551754232342d5534c1cd,B,53,Otra región,Vitalmedica Centro Médico,Fitness / Wellness / Estética,antofagasta,51-200,10M-25M,https://vitalmedica.cl,https://www.linkedin.com/company/vitalmedica,https://www.instagram.com/explore/search/keyword/?q=Vitalmedica%20Centro%20M%C3%A9dico,https://www.facebook.com/ads/library/?active_status=all&ad_type=all&country=CL&q=Vitalmedica%20Centro%20M%C3%A9dico,,VitalMedica es un Centro Medico Ambulatorio de 1200 metros cuadrados que esta ubicado en la Ciudad de Antofagasta. Vitalmedica cuenta con cuatro unidades como: Unidad de Imagenologia :: Unidad Metabolica :: Unidad Neurologica y Unidad de Medicina Fisica y Rehabilitacion unica en la region. Vitalmedi
407d46ebc664533b393bc4e5209026cc,B,52,RM,Amanda - Salud,Fitness / Wellness / Estética,las condes,11-50,5M-10M,https://amanda-salud.com,https://www.linkedin.com/company/amanda-salud,https://www.instagram.com/explore/search/keyword/?q=Amanda%20-%20Salud,https://www.facebook.com/ads/library/?active_status=all&ad_type=all&country=CL&q=Amanda%20-%20Salud,,"Estamos cambiando el modelo tradicional de acceso a la salud. Buscamos hacer mas facil la vida de las personas Conectando a personas que requieran una atencion de salud presencial de calidad en la comodidad, tranquilidad y seguridad de su hogar a un Click , con los mejores Profesionales de la Salud "
ec3691205cca82aea80c32637784c469,B,52,RM,Made Esthetic,Fitness / Wellness / Estética,santiago,11-50,5M-10M,https://madesthetic.com,https://www.linkedin.com/company/made-esthetic,https://www.instagram.com/explore/search/keyword/?q=Made%20Esthetic,https://www.facebook.com/ads/library/?active_status=all&ad_type=all&country=CL&q=Made%20Esthetic,,"Made Esthetic es un nuevo concepto en Cirugia Plastica Estetica y Wellness. Nuestro equipo de Cirujanos Plasticos Acreditados esta preparado para entregarte la mejor experiencia quirurgica y los mejores resultados. Contamos con profesionales especialistas y altamente capacitados, enfocados en que tu"
629d1ca6fe8eb22d49035cfec8727515,B,52,RM,Gnomo,Moda / Retail,las condes,11-50,5M-10M,https://gnomowear.cl,https://www.linkedin.com/company/gnomowear,https://www.instagram.com/explore/search/keyword/?q=Gnomo,https://www.facebook.com/ads/library/?active_status=all&ad_type=all&country=CL&q=Gnomo,,"Fundada el ano 2014 por Carlos Scheiding, Jose Ignacio Vasquez y Fernando Varas Gnomo es una marca de Ropa Outdoor con base en Santiago de Chile, especialmente influenciada por la Patagonia Chilena. Gnomo es reconocida por su compromiso en la calidad de sus productos y accesorios y aporte a la refor"
66effac940c169a65299ca9c24c4bccd,B,52,RM,KINEGUN,Fitness / Wellness / Estética,santiago,11-50,5M-10M,https://kinegun.cl,https://www.linkedin.com/company/kinegun-com,https://www.instagram.com/explore/search/keyword/?q=KINEGUN,https://www.facebook.com/ads/library/?active_status=all&ad_type=all&country=CL&q=KINEGUN,,"En CGL Medicals - Kinegun.cl, nos dedicamos a integrar tecnologia y ciencia para mejorar la salud y el bienestar. Nuestro compromiso con la innovacion nos impulsa a desarrollar dispositivos de electromedicina que marcan la diferencia en la vida de nuestros clientes. Creemos en el poder del emprendim"
ade66792c61e31117cce3cba3232254b,B,52,RM,HANU,Fitness / Wellness / Estética,santiago,11-50,5M-10M,https://hanufit.com,https://www.linkedin.com/company/hanu-fit,https://www.instagram.com/explore/search/keyword/?q=HANU,https://www.facebook.com/ads/library/?active_status=all&ad_type=all&country=CL&q=HANU,,"HANU es un Ecosistema Digital de Bienestar y Salud Preventiva disenado para ayudar a las personas a desarrollar habitos saludables con el objetivo de mejorar su salud y bienestar integral. Ofrecemos contenidos de bienestar con foco en salud fisico-nutricional, bienestar mental-emocional y bienestar "
e0182216fd164c950454ede7253b7da5,B,52,RM,NewScience,Fitness / Wellness / Estética,santiago,11-50,5M-10M,https://newsciencestore.com,https://www.linkedin.com/company/newscience,https://www.instagram.com/explore/search/keyword/?q=NewScience,https://www.facebook.com/ads/library/?active_status=all&ad_type=all&country=CL&q=NewScience,,"Newscience is a Chilean privately held company founded in 1995 to deliver the highest quality value proposition in the area of healthy eating. In 2009 the unit of nutraceuticals and functional foods is opened, which today the most important area of the company. New Science's mission is to market and"
999acddb3d35639d924574d353b30466,B,52,RM,Happ Chile,Fitness / Wellness / Estética,santiago,11-50,5M-10M,https://happlabs.cl,https://www.linkedin.com/company/happ-chile,https://www.instagram.com/explore/search/keyword/?q=Happ%20Chile,https://www.facebook.com/ads/library/?active_status=all&ad_type=all&country=CL&q=Happ%20Chile,,Programa de salud preventiva para tus colaboradores y tu empresa. Prevenir es clave para mejorar su vida.
ab8ef7c01986fb41a9387cd1d994af5e,B,52,RM,Tienda Voce,Moda / Retail,providencia,11-50,5M-10M,https://tiendavoce.cl,https://www.linkedin.com/company/tienda-voce,https://www.instagram.com/explore/search/keyword/?q=Tienda%20Voce,https://www.facebook.com/ads/library/?active_status=all&ad_type=all&country=CL&q=Tienda%20Voce,,"Tienda Voce es una marca de moda especializada en calzado femenino, que combina diseno, confort y tendencia para mujeres reales y activas. Trabajamos con marcas brasilenas reconocidas, seleccionadas por su calidad, tecnologias de ultra confort y diseno contemporaneo. Cada par esta pensado para acomp"
96da613e56833cd25885f3fb1e2d0aa0,B,52,RM,RULOS CHILE SPA,Cosmética / Skincare,santiago,11-50,5M-10M,https://rulos.cl,https://www.linkedin.com/company/rulos-chile-spa,https://www.instagram.com/explore/search/keyword/?q=RULOS%20CHILE%20SPA,https://www.facebook.com/ads/library/?active_status=all&ad_type=all&country=CL&q=RULOS%20CHILE%20SPA,,"Creemos en las cosas simples y transparentes, y por esto nuestra busqueda de marcas es especial. No nos limitamos a marcas convencionales, vamos mas alla y elegimos marcas que compartan nuestra filosofia, marcas definidas por su calidad y la etica de sus creadores, marcas autenticas y originales, ma"
8ba5604bf6b10b8b7354170a6b9f4839,B,52,RM,Lolita LPK,Moda / Retail,santiago,11-50,5M-10M,https://lpk.cl,https://www.linkedin.com/company/lolita-lpk,https://www.instagram.com/explore/search/keyword/?q=Lolita%20LPK,https://www.facebook.com/ads/library/?active_status=all&ad_type=all&country=CL&q=Lolita%20LPK,,"Lolita LPK es una marca chilena de moda femenina que celebra la elegancia cotidiana. Disenamos prendas modernas y versatiles con materiales de calidad y un calce pensado para realzar la silueta femenina con naturalidad. Creamos para mujeres seguras, autenticas y conscientes de su propio estilo hace "
174e3f6550dd7a3a0f415b08e9829c61,B,52,RM,Makana,Fitness / Wellness / Estética,santiago,11-50,5M-10M,https://makana.cl,https://www.linkedin.com/company/makanacl,https://www.instagram.com/explore/search/keyword/?q=Makana,https://www.facebook.com/ads/library/?active_status=all&ad_type=all&country=CL&q=Makana,,"Promoting corporate wellness through technology, making an impact in the quality of life of workers."
2f6dc67220fe53a678a92096c4916cdc,B,52,RM,Bioplus SpA,Fitness / Wellness / Estética,santiago,11-50,5M-10M,https://bioplus.cl,https://www.linkedin.com/company/bioplus-spa,https://www.instagram.com/explore/search/keyword/?q=Bioplus%20SpA,https://www.facebook.com/ads/library/?active_status=all&ad_type=all&country=CL&q=Bioplus%20SpA,,"Importacion y distribucion de equipamiento medico, suplementos alimentarios e insumos medicos. Somos un equipo multidisciplinario cuya mision es poder entregar a la comunidad herramientas para poder disfrutar de una vida sana."
9a46ed5928c4220a0411ea3d06c5a36a,B,52,RM,LGND BRAND,Moda / Retail,santiago,11-50,5M-10M,https://lgnd.cl,https://www.linkedin.com/company/lgnd-brand,https://www.instagram.com/explore/search/keyword/?q=LGND%20BRAND,https://www.facebook.com/ads/library/?active_status=all&ad_type=all&country=CL&q=LGND%20BRAND,,"LGND BRAND es una marca de vestuario y accesorios fundada en 2019, enfocada en el diseno de piezas contemporaneas que combinan estetica, funcionalidad y alta calidad. La marca desarrolla productos pensados para el dia a dia, incluyendo una linea de ropa deportiva altamente estetica y versatil, disen"
791e99ca18c8f04976bd59b2043d91e1,B,52,RM,Totto Chile,Moda / Retail,santiago,11-50,5M-10M,https://totto.com,https://www.linkedin.com/company/totto-chile,https://www.instagram.com/explore/search/keyword/?q=Totto%20Chile,https://www.facebook.com/ads/library/?active_status=all&ad_type=all&country=CL&q=Totto%20Chile,,"Somos una multinacional de moda lider en Latinoamerica que ofrece la mas sofisticada variedad y tecnologia en maletines, morrales, mochilas, bolsos, ropa y accesorios. Nuestros disenos estan pensados para adaptarse y satisfacer las necesidades de nuestros clientes de forma original, comoda y versati"
f24b3b08ad91bffe818398ba3d13e4c0,B,52,RM,ACADEMIA WELLBEING CONOSUR DEL GRUPO HUMANNA,Fitness / Wellness / Estética,santiago,11-50,5M-10M,https://humannaconsultores.cl,https://www.linkedin.com/company/awc-gh,https://www.instagram.com/explore/search/keyword/?q=ACADEMIA%20WELLBEING%20CONOSUR%20DEL%20GRUPO%20HUMANNA,https://www.facebook.com/ads/library/?active_status=all&ad_type=all&country=CL&q=ACADEMIA%20WELLBEING%20CONOSUR%20DEL%20GRUPO%20HUMANNA,,"La Academia Wellbeing Conosur es un centro educativo especializado en promover el bienestar laboral y personal en America del Sur. Nos destacamos por ofrecer programas de formacion integral, certificaciones y consultoria disenados para profesionales y lideres interesados en mejorar la calidad de vid"
5e13bf030c8c995c2f3f641528ceb8ca,B,52,RM,Kobo Sushi,Gastronomía,santiago,11-50,5M-10M,https://kobo.cl,https://www.linkedin.com/company/kobosushi,https://www.instagram.com/explore/search/keyword/?q=Kobo%20Sushi,https://www.facebook.com/ads/library/?active_status=all&ad_type=all&country=CL&q=Kobo%20Sushi,,"Restaurant de Sushi Fusion y autor, especialidad Nikkei, destacando los Rolls sin arroz, acevichados, al olivo y veganos entre otros. Desde marzo 2020, hoy contamos con 2 locales: -Kobo Los Leones: Avenida Los Leones 2449, Providencia -Kobo Las Condes: Avenida Las Condes 7701, Las Condes Pueden enco"
75a91c1da17a7884a05727d1e1290af3,B,52,RM,Heladeria Lärrs,Gastronomía,vitacura,11-50,5M-10M,https://heladerialarrs.cl,https://www.linkedin.com/company/heladeria-lärrs,https://www.instagram.com/explore/search/keyword/?q=Heladeria%20L%C3%A4rrs,https://www.facebook.com/ads/library/?active_status=all&ad_type=all&country=CL&q=Heladeria%20L%C3%A4rrs,,Heladeria y cafeteria Artesanal. Hacemos helado fresco todos los dias en nuestras tiendas. Luis Pasteur 6411 Paseo Los Trapenses Pasel Los Dominicos
0fb04dab34a6694c55270842e1299a50,B,52,RM,Centro AMIDA,Fitness / Wellness / Estética,santiago,11-50,5M-10M,https://centroamida.cl,https://www.linkedin.com/company/centro-amida,https://www.instagram.com/explore/search/keyword/?q=Centro%20AMIDA,https://www.facebook.com/ads/library/?active_status=all&ad_type=all&country=CL&q=Centro%20AMIDA,,"CENTRO AMIDA es un centro de diagnostico y tratamiento a traves de Terapias, con altos estandares de calidad en rehabilitacion. Conformado por un equipo de profesionales especialistas en la prevencion, evaluacion e intervencion . Contamos con servicio de Fonoaudilogia, Terapia Ocupacional, Psicologi"
f3eadb90f54f9f29bda711d9256b8046,B,52,RM,NewPath Chile,Fitness / Wellness / Estética,santiago,11-50,5M-10M,https://newpath.cl,https://www.linkedin.com/company/newpath-chile,https://www.instagram.com/explore/search/keyword/?q=NewPath%20Chile,https://www.facebook.com/ads/library/?active_status=all&ad_type=all&country=CL&q=NewPath%20Chile,,"Especialistas en Anatomia Patologica y Equipamiento Mortuorio. @Equipamiento Anatomia Patologica Leica Biosystems @Equipamiento Mortuorio Anathomics Solutions @Insumos y Reactivos Cancer Diagnostics. ""Al servicio de la deteccion y diagnostico del Cancer en Chile"" ""Comprometidos con nuestra compania,"
b750b66f1044e1693292102c78cd5ab8,B,52,RM,Urco Label,Moda / Retail,vitacura,11-50,5M-10M,https://urco.cl,https://www.linkedin.com/company/urco-shoes,https://www.instagram.com/explore/search/keyword/?q=Urco%20Label,https://www.facebook.com/ads/library/?active_status=all&ad_type=all&country=CL&q=Urco%20Label,,"Somos una marca de zapatos y ropa disenada en Chile y fabricado principalmente en Espana e Italia. Nuestros disenos se caracterizan por tener un equilibrio entre las ultimas tendencias de moda con un estilo clasico. Creando piezas unicas, simples y que no pasan de moda. Trabajamos con materiales de "
ae51e8c15aebc3ac9584889e3cf6b5a6,B,52,RM,Pippa,Moda / Retail,santiago,11-50,5M-10M,https://pippa.cl,https://www.linkedin.com/company/bepippa,https://www.instagram.com/explore/search/keyword/?q=Pippa,https://www.facebook.com/ads/library/?active_status=all&ad_type=all&country=CL&q=Pippa,,Tiendas: Drugstore Apumanque Parque Arauco Portal La Dehesa Paseo Los Dominicos
d99f08fb0daf2d033478ac4475dc363c,B,52,RM,Vinolia,Gastronomía,vitacura,11-50,5M-10M,https://vinolia.cl,https://www.linkedin.com/company/vinolia,https://www.instagram.com/explore/search/keyword/?q=Vinolia,https://www.facebook.com/ads/library/?active_status=all&ad_type=all&country=CL&q=Vinolia,,"Vinolia, the wine adventure. The best experience you will ever have with chilean wines, in the middle of Alonso de Cordova.. We are a unique place in Santiago, where you can experience the adventure of combining good wines, recommended by our experts, and pair them with the dishes you are most inter"
3b9d8289747ccbb785545a209c0e94d2,B,52,RM,QuoRux Chile,Fitness / Wellness / Estética,santiago,11-50,5M-10M,https://quorux.com,https://www.linkedin.com/company/qquorux,https://www.instagram.com/explore/search/keyword/?q=QuoRux%20Chile,https://www.facebook.com/ads/library/?active_status=all&ad_type=all&country=CL&q=QuoRux%20Chile,,QuoRux Chile se dedica a la comercializacion y distribucion de insumos medicos y de laboratorio. Contamos con una logistica que nos permite despachar a todos el pais en forma precisa y oportuna. Nuestra empresa cuenta con bodega en Antofagasta para mejorar los despachos en el norte del Pais.
4f825c3c10cfdc4cd6ca73036f6c999d,B,52,RM,Farmacia Farmex,Fitness / Wellness / Estética,las condes,11-50,5M-10M,https://farmex.cl,https://www.linkedin.com/company/efarmex,https://www.instagram.com/explore/search/keyword/?q=Farmacia%20Farmex,https://www.facebook.com/ads/library/?active_status=all&ad_type=all&country=CL&q=Farmacia%20Farmex,,Farmex la primera farmacia en Chile con autorizacion del ISP para venta de medicamentos por Internet. Tiene los precios mas bajos del mercado y ofrece despacho a domicilio en gran parte de Chile.
4dd035036deb7b9abd2251ec45c31cfc,B,52,RM,Clínica Avaria,Fitness / Wellness / Estética,santiago,11-50,5M-10M,https://clinicaavaria.cl,https://www.linkedin.com/company/medicina-est-tica-integral-dra-claudia-avaria-ltda-,https://www.instagram.com/explore/search/keyword/?q=Cl%C3%ADnica%20Avaria,https://www.facebook.com/ads/library/?active_status=all&ad_type=all&country=CL&q=Cl%C3%ADnica%20Avaria,,"Chilean Medical Spa specialised on Face treatment. From traditional Botulinum Toxin treatments and Hyaluronic Acid, Non-Invasive Threads Face lift, laser up to surgery are among the services provided by our company. We believe that specialisation and quality of service are the main pillars for an ex"
17a834fdc7d70af2953c811b3d1cab7b,B,52,RM,Saha,Fitness / Wellness / Estética,santiago,11-50,5M-10M,https://saha.cl,https://www.linkedin.com/company/saha-spa,https://www.instagram.com/explore/search/keyword/?q=Saha,https://www.facebook.com/ads/library/?active_status=all&ad_type=all&country=CL&q=Saha,,"Nuestro objetivo es promover la vida saludable y animarte a que cuides de tu salud, para que puedas sentirte mejor y superar tus limites, sin importar si eres un deportista profesional, si te quieres poner en forma o te interesa tu bienestar. Ponemos a tu disposicion productos de comprobada calidad "
cc18dcbb25a00acf3973b2d8b152a98c,B,52,RM,Kinesiología y Medicina Preventiva,Fitness / Wellness / Estética,ñuñoa,11-50,5M-10M,https://kmp.cl,https://www.linkedin.com/company/kinesiología-y-medicina-preventiva,https://www.instagram.com/explore/search/keyword/?q=Kinesiolog%C3%ADa%20y%20Medicina%20Preventiva,https://www.facebook.com/ads/library/?active_status=all&ad_type=all&country=CL&q=Kinesiolog%C3%ADa%20y%20Medicina%20Preventiva,,"Somos una equipo multidiciplinario con el compromiso de impactar positivamente a la comunidad a traves de servicios innovadores realizados con excelencia. Todo esto apalancado en un equipo afiatado y empoderado que logra, como consecuencia, ser reconocido en el medio deportivo y kinesico."
3bc98257d84780aec9fd07971e1258bb,B,52,RM,Kannú,Moda / Retail,santiago,11-50,5M-10M,https://kannu.cl,https://www.linkedin.com/company/kannuoutdoor,https://www.instagram.com/explore/search/keyword/?q=Kann%C3%BA,https://www.facebook.com/ads/library/?active_status=all&ad_type=all&country=CL&q=Kann%C3%BA,,Aventura para todos!
04cb7f5ea4afe67e854ccd53b2a8d215,B,52,RM,Coyote Kids Chile,Moda / Retail,las,11-50,5M-10M,https://coyotekids.cl,https://www.linkedin.com/company/coyote-kids-chile,https://www.instagram.com/explore/search/keyword/?q=Coyote%20Kids%20Chile,https://www.facebook.com/ads/library/?active_status=all&ad_type=all&country=CL&q=Coyote%20Kids%20Chile,,"En Coyote Kids encontraras desde ropa infantil hasta calzado y accesorios, ofrecemos calidad superior en cada detalle utilizando 100% algodon peruano en nuestras prendas. Nuestra mision es vestir a familias con prendas que reflejen nuestro compromiso con la comodidad y la calidad."
f3f4d9597b9a39c11ffaaa83ba125f53,B,52,RM,SHEET!,Cosmética / Skincare,santiago,11-50,5M-10M,https://sheet.cl,https://www.linkedin.com/company/sheet-haircare,https://www.instagram.com/explore/search/keyword/?q=SHEET!,https://www.facebook.com/ads/library/?active_status=all&ad_type=all&country=CL&q=SHEET!,,"SHEET! is a specialist brand in hair care  products for hair loss. Without sulfates, without salt, without silicones or parabens  The sheep has already conquered Chile and is in the process of conquering Mexico"
c02c35afa586941cf12fcf435915dfff,B,52,RM,Textil Velutti S.A,Moda / Retail,santiago,11-50,5M-10M,https://velutti.cl,https://www.linkedin.com/company/textil-velutti-s-a,https://www.instagram.com/explore/search/keyword/?q=Textil%20Velutti%20S.A,https://www.facebook.com/ads/library/?active_status=all&ad_type=all&country=CL&q=Textil%20Velutti%20S.A,,"Somos fabricante e importadora de articulos textiles para el hogar, tales como sabanas, plumones, colchas, almohadas, cortinas, pisos alfombras, toallas, cortinas de bano, cojines, frazadas, manteles, carpetas, caminos, individuales entre otros. Solo se trabajan telas de buena calidad en telares sul"
afd85460328e8751187148833a9279c9,B,52,RM,Centro Miintimidad,Fitness / Wellness / Estética,santiago,11-50,5M-10M,https://miintimidad.cl,https://www.linkedin.com/company/consulta-privada-kinesiologia,https://www.instagram.com/explore/search/keyword/?q=Centro%20Miintimidad,https://www.facebook.com/ads/library/?active_status=all&ad_type=all&country=CL&q=Centro%20Miintimidad,,"TRATAMIENTO DE DISFUNCIONES DEL SUELO PELVIANO Y SEXUALIDAD, VAGINISMO, INCONTINENCIA URINARIA. Tu intimidad es importante, no la descuides! Si presentas incontinencia urinaria, fecal, de gases, constipacion, prolapsos genitales, dolor durante las relaciones sexuales, esto SI TIENE SOLUCION, consult"
f25001d9a933617e769ea123a7011ef0,B,52,RM,Patio Bellavista,Gastronomía,providencia,11-50,5M-10M,https://patiobellavista.cl,https://www.linkedin.com/company/patio-bellavista,https://www.instagram.com/explore/search/keyword/?q=Patio%20Bellavista,https://www.facebook.com/ads/library/?active_status=all&ad_type=all&country=CL&q=Patio%20Bellavista,,"Somos uno de los principales panoramas urbanos de Chile, donde convergen la gastronomia, actividades culturales y tiendas de arte, moda, artesania y diseno. Conocidos como la puerta de entrada al Barrio Bellavista, contamos con 5.000 m2 de terrazas y mas de 10 mil m2 de conservacion y rescate patrim"
596cd79ea0fa612cf4beff3f7a396a3f,B,52,RM,Dentistas por Chile,Odontología,santiago de,11-50,5M-10M,https://dentistasporchile.cl,https://www.linkedin.com/company/dentistaspor-chile,https://www.instagram.com/explore/search/keyword/?q=Dentistas%20por%20Chile,https://www.facebook.com/ads/library/?active_status=all&ad_type=all&country=CL&q=Dentistas%20por%20Chile,,"Somos una clinica dental especializada en implantes. Mas que un equipo, formamos una familia que tiene como mision: hacer de su visita al dentista, una experiencia agradable! Durante 10 anos les hemos brindado a nuestros pacientes una atencion exclusiva, ambiente familiar y un servicio impecable. Le"
c85e03d6620db50bfff9abd4a41d8654,B,52,RM,CEF Wellness Group,Fitness / Wellness / Estética,las condes,11-50,5M-10M,https://cefchile.com,https://www.linkedin.com/company/cef-wellness-group,https://www.instagram.com/explore/search/keyword/?q=CEF%20Wellness%20Group,https://www.facebook.com/ads/library/?active_status=all&ad_type=all&country=CL&q=CEF%20Wellness%20Group,,"CEF Wellness Group: bienestar integral al servicio de las empresas  En CEF Wellness Group somos un equipo especializado en salud, bienestar y gestion, enfocado en disenar estrategias personalizadas que ofrezcan soluciones reales y sostenibles para mejorar la calidad de vida. Nuestra propuesta se ada"
0046b3814084188e85e1356d86f02645,B,50,Sin dato,Youtopia.Company,Fitness / Wellness / Estética,sin dato,51-200,10M-25M,https://youtopia.club,https://www.linkedin.com/company/youtopia-company,https://www.instagram.com/explore/search/keyword/?q=Youtopia.Company,https://www.facebook.com/ads/library/?active_status=all&ad_type=all&country=CL&q=Youtopia.Company,,Tenemos como proposito transformar la vida de las personas a traves del wellness y la magia de la hospitalidad. Queremos revolucionar el wellness y nunca dejamos de evolucionar la experiencia Youtopia. Cultivamos una cultura extraordinaria y la celebramos con una comunidad que vibra con nuestro esti
7591ca730d62945a9c17868b69a37c56,B,50,Sin dato,Clínica Cela by Espacolaser | Depilación Láser,Belleza / Estética,sin dato,51-200,10M-25M,https://cela.cl,https://www.linkedin.com/company/clinicacela,https://www.instagram.com/explore/search/keyword/?q=Cl%C3%ADnica%20Cela%20by%20Espacolaser%20%7C%20Depilaci%C3%B3n%20L%C3%A1ser,https://www.facebook.com/ads/library/?active_status=all&ad_type=all&country=CL&q=Cl%C3%ADnica%20Cela%20by%20Espacolaser%20%7C%20Depilaci%C3%B3n%20L%C3%A1ser,,"20 anos cuidando la piel de quienes eligen vivir la libertad, comodidad y bienestar que ofrece la depilacion laser Alexandrita y/o ND Yag. Contamos con mas de 34 Sucursales en Chile y somos parte de Espacolaser, la red de depilacion laser mas grande del mundo. Porque en Clinica Cela, no solo elimina"
e3841ca593aeb824b49fe134b1908472,B,50,Sin dato,ICCUS MEDICINA DEPORTIVA,Fitness / Wellness / Estética,sin dato,51-200,10M-25M,https://iccus.cl,https://www.linkedin.com/company/iccus-medicina-deportiva,https://www.instagram.com/explore/search/keyword/?q=ICCUS%20MEDICINA%20DEPORTIVA,https://www.facebook.com/ads/library/?active_status=all&ad_type=all&country=CL&q=ICCUS%20MEDICINA%20DEPORTIVA,,"En ICCUS Medicina Deportiva nos comprometemos con tu bienestar y rendimiento: unimos medicina deportiva, kinesiologia, nutricion, quiropraxia y entrenamiento para ofrecer una atencion personalizada, integral y orientada a resultados. Nuestra mision es ayudarte a recuperar tu maximo potencial, supera"
80c43f7fd4bc1c925cfe508a4e75b7bb,B,50,Sin dato,Chicken Love You,Gastronomía,sin dato,51-200,10M-25M,https://chickenloveyou.cl,https://www.linkedin.com/company/chicken-love-you,https://www.instagram.com/explore/search/keyword/?q=Chicken%20Love%20You,https://www.facebook.com/ads/library/?active_status=all&ad_type=all&country=CL&q=Chicken%20Love%20You,,"Chicken Love You es la primera sangucheria de pollo frito de Chile. Despues de comer mas de 1.250 sandwiches en 60 ciudades de 35 paises en los 5 continentes, Pipe Sanchez volvio a Chile decidido a abrir un local dedicado al unico producto que le volo la cabeza en su viaje: EL POLLO FRITO: Asi nace "
27967acc9aa726d238ff594b33753f9b,B,50,Sin dato,Nutrapharm,Fitness / Wellness / Estética,sin dato,51-200,10M-25M,https://nutrapharm.com,https://www.linkedin.com/company/nutrapharmsa,https://www.instagram.com/explore/search/keyword/?q=Nutrapharm,https://www.facebook.com/ads/library/?active_status=all&ad_type=all&country=CL&q=Nutrapharm,,"En Nutrapharm, desde 2008 desarrollamos y producimos nutraceuticos y alimentos funcionales de alta calidad, combinando innovacion, naturaleza y procesos certificados bajo estandares internacionales. Contamos con un equipo experto que impulsa soluciones que generan un impacto real en el bienestar de "
9b8fb7660fae1615708f390b62d4258d,B,50,Sin dato,Viveactivo,Fitness / Wellness / Estética,sin dato,51-200,10M-25M,https://viveactivo.cl,https://www.linkedin.com/company/viveactivo,https://www.instagram.com/explore/search/keyword/?q=Viveactivo,https://www.facebook.com/ads/library/?active_status=all&ad_type=all&country=CL&q=Viveactivo,,"Viveactivo nace el 2008, con la conviccion de entregar soluciones para mejorar la Calidad de Vida de las personas. Nuestros anos de experiencia implementando servicios en las areas de Salud Ocupacional y Bienestar Laboral, nos han posicionado como uno de los referentes y marcas lideres del mercado. "
eb5990adcd5b114327fd0f367f62415d,B,50,Sin dato,Martin-G SpA,Moda / Retail,sin dato,51-200,10M-25M,https://martin-g.cl,https://www.linkedin.com/company/martin-g-spa,https://www.instagram.com/explore/search/keyword/?q=Martin-G%20SpA,https://www.facebook.com/ads/library/?active_status=all&ad_type=all&country=CL&q=Martin-G%20SpA,,"Empresa dedicada a la confeccion y diseno de Ropa de Trabajo y Seguridad, entregando a sus clientes productos de maxima calidad, tecnologia y confort. Destacamos de nuestras lineas de productos ropa Impermeable, Retardante al fuego, Antigrasa y Antiacida, disenadas en base a los requerimientos de nu"
077296d1cd1a0f92ba8638c12179a0b5,B,50,Sin dato,CRL - Clínica de Recuperación de Lesiones,Fitness / Wellness / Estética,sin dato,51-200,10M-25M,https://clinicacrl.cl,https://www.linkedin.com/company/clinicaderecuperaciondelesiones,https://www.instagram.com/explore/search/keyword/?q=CRL%20-%20Cl%C3%ADnica%20de%20Recuperaci%C3%B3n%20de%20Lesiones,https://www.facebook.com/ads/library/?active_status=all&ad_type=all&country=CL&q=CRL%20-%20Cl%C3%ADnica%20de%20Recuperaci%C3%B3n%20de%20Lesiones,,"Una lesion cronica genera dolor y frustracion, ademas de un largo camino de tratamientos con resultados poco efectivos. Pero esto no tiene que ser asi. ES NECESARIO QUE EL TIEMPO DE RECUPERACION SEA TAN LARGO Y COSTOSO? En Clinica CRL, tenemos mas de 30.000 pacientes atendidos, con el 95% de tratami"
4fe55437fb923b330560ab76744611d4,B,50,Sin dato,Estetika Medica,Fitness / Wellness / Estética,sin dato,51-200,10M-25M,https://estetikamedica.cl,https://www.linkedin.com/company/estetika-medica,https://www.instagram.com/explore/search/keyword/?q=Estetika%20Medica,https://www.facebook.com/ads/library/?active_status=all&ad_type=all&country=CL&q=Estetika%20Medica,,"Clinica Estetika Medica es una red de clinicas de medicina estetica con enfasis en tratamientos faciales y corporales con presencia en todo el territorio chileno, a traves de sus 7 sucursales estrategicamente posicionadas. La empresa fue fundada en 2009 por la Dra. Blanca Girardi, quien cuenta con u"
7d88ecd77876b7983d5f572f9c1c606b,B,50,Sin dato,Indivic SPA,Moda / Retail,sin dato,51-200,10M-25M,https://indivic.cl,https://www.linkedin.com/company/indivic-spa,https://www.instagram.com/explore/search/keyword/?q=Indivic%20SPA,https://www.facebook.com/ads/library/?active_status=all&ad_type=all&country=CL&q=Indivic%20SPA,,"Empresa lider en la distribucion y representacion de marcas, llevando la esencia de estas a cada uno de nuestros clientes"
8d560604bd933b1264583214efc8325d,B,50,Sin dato,Supletech Suplementos,Fitness / Wellness / Estética,sin dato,51-200,10M-25M,https://supletech.cl,https://www.linkedin.com/company/supletech,https://www.instagram.com/explore/search/keyword/?q=Supletech%20Suplementos,https://www.facebook.com/ads/library/?active_status=all&ad_type=all&country=CL&q=Supletech%20Suplementos,,Supletech es una importadora y comercializadora de suplementos para deportistas con 13 anos en el mercado contando con distintos canales de distribucion tanto al por menor y mayor.
d05f3edc1bab63420f54b74e76a924f8,B,50,Sin dato,Sportlife Zona Norte,Fitness / Wellness / Estética,sin dato,51-200,10M-25M,https://sportlifezonanorte.cl,https://www.linkedin.com/company/sportlife-zona-norte,https://www.instagram.com/explore/search/keyword/?q=Sportlife%20Zona%20Norte,https://www.facebook.com/ads/library/?active_status=all&ad_type=all&country=CL&q=Sportlife%20Zona%20Norte,,"Contamos con programas de Wellness para empresas, disenados para aumentar la productividad y el bienestar de los colaboradores, a traves de la actividad fisica y la asesoria profesional que Sportlife Zona Norte entrega."
62c918e844ceeb8007211892f287789e,B,50,Sin dato,Holly Concept,Moda / Retail,sin dato,51-200,10M-25M,https://hollyconcept.com,https://www.linkedin.com/company/holly-concept,https://www.instagram.com/explore/search/keyword/?q=Holly%20Concept,https://www.facebook.com/ads/library/?active_status=all&ad_type=all&country=CL&q=Holly%20Concept,,"Vendemos ropa entretenida para diversas edades, asi como prendas y merchandising para fanaticos de series, peliculas, anime y dibujos animados de todos los tiempos. Siguenos en nuestras redes sociales y enterate de todas las novedades, concursos y promociones que tenemos para ti. Instagram: @hollyco"
72f6e5e122294707a6fbe80efe4c7bb2,B,50,Sin dato,RFA Corp,Fitness / Wellness / Estética,sin dato,51-200,10M-25M,https://rfachile.cl,https://www.linkedin.com/company/rfacorp,https://www.instagram.com/explore/search/keyword/?q=RFA%20Corp,https://www.facebook.com/ads/library/?active_status=all&ad_type=all&country=CL&q=RFA%20Corp,,"RFA es una innovadora compania que ha nacido para crear soluciones a espacios integrales de deporte y entretenimiento. Representantes exclusivos de la marca DMOOV, RFA entrega un servicio 360o para asegurar el exito de negocios fitness desde la idea, diseno, ejecucion, hasta la rentabilizacion del p"
84429f17db964f7de32c03d2d8bf09b8,B,49,Sin dato,Viuty,Cosmética / Skincare,sin dato,11-50,5M-10M,,https://www.linkedin.com/company/viuty,https://www.instagram.com/explore/search/keyword/?q=Viuty,https://www.facebook.com/ads/library/?active_status=all&ad_type=all&country=CL&q=Viuty,SIN WEB PROPIA — necesidad evidente,"Distribuidor oficial de Moroccanoil, OLAPLEX, Pravana, K18 y Verb en Chile"
9267f367d531217a32935dd35d491922,B,49,Sin dato,CLÍNICA ARMONIC,Fitness / Wellness / Estética,sin dato,11-50,5M-10M,,https://www.linkedin.com/company/clínica-armonic,https://www.instagram.com/explore/search/keyword/?q=CL%C3%8DNICA%20ARMONIC,https://www.facebook.com/ads/library/?active_status=all&ad_type=all&country=CL&q=CL%C3%8DNICA%20ARMONIC,SIN WEB PROPIA — necesidad evidente,"Armonic es una clinica de cirugia plastica facial y reconstructiva que tiene como principal premisa generar bienestar, ofreciendo las ultimas tecnicas y tecnologias no solo en procedimientos quirurgicos sino tambien en procedimientos no invasivos. Mision: Nuestra mision es enfocarnos en el bienestar"
998a4640db21e8c812d303211459e278,B,49,Sin dato,SHARKFIT,Fitness / Wellness / Estética,sin dato,11-50,5M-10M,https://instagram.com,https://www.linkedin.com/company/sharkfit,https://www.instagram.com/explore/search/keyword/?q=SHARKFIT,https://www.facebook.com/ads/library/?active_status=all&ad_type=all&country=CL&q=SHARKFIT,SIN WEB PROPIA — necesidad evidente · Solo vive en Instagram,"Empresa en expansion y gran potencial ligada a la actividad fisica y a gimnasios con clases 100% dirigidas por profesionales. Hiit Funcional GAP  Guiados por profesionales, alcanzamos tus metas juntos."
d0fb6e2f68dde47e850e0e885817759c,B,47,RM,Instituto Chileno de Neurología,Centro médico / Clínica,las condes,11-50,5M-10M,https://institutochilenodeneurologia.cl,https://www.linkedin.com/company/instituto-chileno-de-neurología,https://www.instagram.com/explore/search/keyword/?q=Instituto%20Chileno%20de%20Neurolog%C3%ADa,https://www.facebook.com/ads/library/?active_status=all&ad_type=all&country=CL&q=Instituto%20Chileno%20de%20Neurolog%C3%ADa,,"Instituto Chileno de Neurologia is a hospital & health care company based out of Estoril 120,oficina 214, Las Condes, Chile."
2338a8d4b1f8b296a46fd26729b95713,B,47,RM,Opinión Médica,Centro médico / Clínica,santiago,11-50,5M-10M,https://opinionmedica.cl,https://www.linkedin.com/company/opinión-medica,https://www.instagram.com/explore/search/keyword/?q=Opini%C3%B3n%20M%C3%A9dica,https://www.facebook.com/ads/library/?active_status=all&ad_type=all&country=CL&q=Opini%C3%B3n%20M%C3%A9dica,,"Somos una plataforma que permite obtener de manera simple, atenciones medicas en consulta de especialistas altamente calificados, por telemedicina o presencial y lograr que cualquier persona, a lo largo del pais, tenga la opcion de no solo ser atendido en consulta, sino ademas si se estima necesario"
9077fa0b152271cb6a5cea616031f52a,B,47,RM,Centro Integral Bien-Estar,Centro médico / Clínica,providencia,11-50,5M-10M,https://bien-estar.cl,https://www.linkedin.com/company/centro-integral-bien-estar,https://www.instagram.com/explore/search/keyword/?q=Centro%20Integral%20Bien-Estar,https://www.facebook.com/ads/library/?active_status=all&ad_type=all&country=CL&q=Centro%20Integral%20Bien-Estar,,"Hemos estudiado como la Felicidad y las emociones influyen en el mundo de las personas. Por lo que hemos creado un centro integral reconocido por compartir valores de amor, compasion, honestidad, confianza y preocupacion por nuestros pacientes. Es importante el acceso a una calidad de vida, acompana"
22d36ef22c0a99eb5ba5656360c4d979,B,47,RM,Clínica Dermacorss,Centro médico / Clínica,vitacura,11-50,5M-10M,https://dermacross.cl,https://www.linkedin.com/company/dermacross,https://www.instagram.com/explore/search/keyword/?q=Cl%C3%ADnica%20Dermacorss,https://www.facebook.com/ads/library/?active_status=all&ad_type=all&country=CL&q=Cl%C3%ADnica%20Dermacorss,,"Clinica Dermacross nace para proporcionar, en un ambiente privado, tratamientos especificos y altamente especializados en las patologias dermatologicas y tratamiento esteticos corporales y faciales con respaldo clinico. El equipo medico esta formado solo por reconocidos especialistas de las mejores "
5eb5f61e46bcd2a55087eb9b7434f32c,B,47,RM,Grupo Conecta,Entretención / Recreación,santiago,11-50,5M-10M,https://clubconecta.cl,https://www.linkedin.com/company/grupoconectadeportes,https://www.instagram.com/explore/search/keyword/?q=Grupo%20Conecta,https://www.facebook.com/ads/library/?active_status=all&ad_type=all&country=CL&q=Grupo%20Conecta,,"Gestionamos y desarrollamos Clubes deportivos de primer Nivel Nuestro objetivo busca integrar al deportista como tal, pero sin dejar de lado a la familia en su conjunto, logrando asi, un aumento en la calidad de vida de las personas. Nuestro objetivo es integrar al deportista, a la familia, a los am"
d1f18dc4c379c7bf6312e939fbe564f6,B,47,RM,Clínica Dental CEOS,Centro médico / Clínica,providencia,11-50,5M-10M,https://ceos.cl,https://www.linkedin.com/company/clinica-dental-ceos,https://www.instagram.com/explore/search/keyword/?q=Cl%C3%ADnica%20Dental%20CEOS,https://www.facebook.com/ads/library/?active_status=all&ad_type=all&country=CL&q=Cl%C3%ADnica%20Dental%20CEOS,,"Somos un Centro de Especialidades Odontologicas que abrio sus puertas hace 30 anos de la mano de la Doctora Lorena Perez - Endodoncista - con el sueno de entregar a las personas atencion odontologica de primer nivel, con atencion personalizada y cercania en cada tratamiento."
b939928d42441e1bb393459f44973eb9,B,47,RM,DEACHILE es Cardioprotección,Centro médico / Clínica,ñuñoa,11-50,5M-10M,https://deachile.cl,https://www.linkedin.com/company/deachile-spa,https://www.instagram.com/explore/search/keyword/?q=DEACHILE%20es%20Cardioprotecci%C3%B3n,https://www.facebook.com/ads/library/?active_status=all&ad_type=all&country=CL&q=DEACHILE%20es%20Cardioprotecci%C3%B3n,,DEACHILE es una empresa especializada en el Desfibrilador Externo Automatico DEA y Capacitacion. Implementamos empresas Cardioprotegidas www.deachile.cl El Desfibrilador y Capacitacion salvan vidas. DEACHILE es Cardioproteccion
f7f67074881abe5041e26b528fb09842,B,47,RM,Centro Ps. Eduardo Schilling,Centro médico / Clínica,las condes,11-50,5M-10M,https://psicologoeduardoschilling.cl,https://www.linkedin.com/company/centro-ps-eduardo-schilling,https://www.instagram.com/explore/search/keyword/?q=Centro%20Ps.%20Eduardo%20Schilling,https://www.facebook.com/ads/library/?active_status=all&ad_type=all&country=CL&q=Centro%20Ps.%20Eduardo%20Schilling,,"Un lugar donde encontrar tu psicologo online ideal. Atiendete con los mejores desde cualquier parte de Chile Somos un Centro en el que puedes encontrar a tu psicologo online ideal. Buscamos entregar apoyo psicologico individual, de parejas y familiar a todos quienes tengan la intencion de profundiza"
d7eb5b125fd6e2bfc94daf1007f0b320,B,47,RM,CORDILLERA - CENTRO MEDICO,Centro médico / Clínica,providencia,11-50,5M-10M,https://cordilleraservicios.cl,https://www.linkedin.com/company/cordillera-centro-medico,https://www.instagram.com/explore/search/keyword/?q=CORDILLERA%20-%20CENTRO%20MEDICO,https://www.facebook.com/ads/library/?active_status=all&ad_type=all&country=CL&q=CORDILLERA%20-%20CENTRO%20MEDICO,,"Centro Medico Cordillera Es un Centro creado para ser actor primordial en medicina preventiva; centrado en el paciente y en su comunidad a lo largo de su vida, utilizando una forma de trabajo sustentable e innovadora. Aspiramos a ser el referente nacional en la entrega oportuna de Salud Preventiva y"
3feb885be05421b8108a2a911fe51b00,B,47,RM,Centro Theraneeds,Centro médico / Clínica,santiago,11-50,5M-10M,https://theraneeds.cl,https://www.linkedin.com/company/centro-theraneeds,https://www.instagram.com/explore/search/keyword/?q=Centro%20Theraneeds,https://www.facebook.com/ads/library/?active_status=all&ad_type=all&country=CL&q=Centro%20Theraneeds,,"Complementamos el conocimiento de diversas disciplinas para abarcar necesidades de ninos y adolescentes de forma global: Fonoaudiologia, Psicologia, Terapia Ocupacional y Psicopedagogia. Nuestras evaluaciones se realizan de manera conjunta entre especialidades del area, acorde y enfocadas en las nec"
f99e0634415e363bb218f742112a80d1,B,47,RM,Blasdent,Centro médico / Clínica,santiago,11-50,5M-10M,https://blasdent.cl,https://www.linkedin.com/company/blasdent,https://www.instagram.com/explore/search/keyword/?q=Blasdent,https://www.facebook.com/ads/library/?active_status=all&ad_type=all&country=CL&q=Blasdent,,"Blasdent is a medical practice company based out of 930 Calle Sargento Aldea, Santiago, Chile."
ca621472cde3d6cf2c290245c7dd8587,B,47,RM,Centro Médico Lo Sano,Centro médico / Clínica,santiago,11-50,5M-10M,https://centromedicolosano.cl,https://www.linkedin.com/company/centro-médico-lo-sano,https://www.instagram.com/explore/search/keyword/?q=Centro%20M%C3%A9dico%20Lo%20Sano,https://www.facebook.com/ads/library/?active_status=all&ad_type=all&country=CL&q=Centro%20M%C3%A9dico%20Lo%20Sano,,"Nuestro centro medico presta diversos servicios de salud, entre ellas; Atencion medica psiquiatrica, medicina general para adultos y ninos y medicina estetica con enfasis en obesidad y sobrepeso."
2e1c34ccf0372d2210d3ba80e7ef8856,B,47,Biobío,Hacienda Patagonia,Gastronomía,san pedro de la paz concepción,11-50,5M-10M,https://haciendapatagonia.cl,https://www.linkedin.com/company/turismo-y-gastronomia-rio-grande-s-a-,https://www.instagram.com/explore/search/keyword/?q=Hacienda%20Patagonia,https://www.facebook.com/ads/library/?active_status=all&ad_type=all&country=CL&q=Hacienda%20Patagonia,,"Restaurante y centro de Eventos, de nivel de excelencia. Cuenta con variados salones privados para atender diversos requerimientos de gastronomia y reuniones de trabajo. Ademas cuenta con un gran y lujoso salon para eventos de mayor envergadura. Camino a Santa Juana Km 2,3 San Pedro de la Paz"
7920c58210933b8c62308e01af5f43fc,B,47,Valparaíso,Nobel Neruda,Gastronomía,valparaiso,11-50,5M-10M,https://nobelneruda.cl,https://www.linkedin.com/company/nobel-neruda,https://www.instagram.com/explore/search/keyword/?q=Nobel%20Neruda,https://www.facebook.com/ads/library/?active_status=all&ad_type=all&country=CL&q=Nobel%20Neruda,,"Nobel no es solo un restaurante. Es una experiencia gastronomica y cultural inspirada en el universo poetico de Pablo Neruda. Desde la cocina al relato, todo en Nobel busca conectar con los sentidos, la identidad chilena y el poder evocador de la poesia. Ubicado en la costa de Chile, Nobel nace con "
c110c957c81ec0d669d9d7d4cb19e37b,B,45,Sin dato,ONCOCARE Cuidados Paliativos,Centro médico / Clínica,sin dato,51-200,10M-25M,https://oncocare.cl,https://www.linkedin.com/company/oncocare-cuidados-paliativos,https://www.instagram.com/explore/search/keyword/?q=ONCOCARE%20Cuidados%20Paliativos,https://www.facebook.com/ads/library/?active_status=all&ad_type=all&country=CL&q=ONCOCARE%20Cuidados%20Paliativos,,"Nuestro compromiso es garantizar la atencion integral, oportuna y permanente de los enfermos de cancer en tratamiento por cuidados paliativos y alivio del dolor, mediante la aplicacion de un modelo BIO-PSICO-SOCIAL que les trate la enfermedad, integre, respete al paciente y a su familia, satisfacien"
af506ac9f4a329edc25a20e8618f4314,B,45,Sin dato,Laboratorio Diagnomed,Centro médico / Clínica,sin dato,51-200,10M-25M,https://diagnomed.cl,https://www.linkedin.com/company/labiratorio-diagnomed,https://www.instagram.com/explore/search/keyword/?q=Laboratorio%20Diagnomed,https://www.facebook.com/ads/library/?active_status=all&ad_type=all&country=CL&q=Laboratorio%20Diagnomed,,"Laboratorio Clinico Diagnomed S.A., es una institucion privada que tiene como vision posicionarse como centro clinico de referencia a nivel regional, donde el beneficio del cliente y del medico sea eficiente y confiable de acuerdo a sus necesidades. En concordancia como la Mision institucional, Labo"
ef5fbaedd45c858a058fd655145ce25b,B,45,Sin dato,Clínica Terré,Centro médico / Clínica,sin dato,51-200,10M-25M,https://terre.cl,https://www.linkedin.com/company/clinicaterre,https://www.instagram.com/explore/search/keyword/?q=Cl%C3%ADnica%20Terr%C3%A9,https://www.facebook.com/ads/library/?active_status=all&ad_type=all&country=CL&q=Cl%C3%ADnica%20Terr%C3%A9,,Clinica especializada en cirugia y medicina estetica y capilar con mas de 30 anos de experiencia y lider en Chile.
64a5eeaa5246921bfd4712e2fbe67c3f,B,45,Sin dato,Centro Oftalmológico Láser Chile,Centro médico / Clínica,sin dato,51-200,10M-25M,https://centrolaser.cl,https://www.linkedin.com/company/centro-oftalmológico-láser,https://www.instagram.com/explore/search/keyword/?q=Centro%20Oftalmol%C3%B3gico%20L%C3%A1ser%20Chile,https://www.facebook.com/ads/library/?active_status=all&ad_type=all&country=CL&q=Centro%20Oftalmol%C3%B3gico%20L%C3%A1ser%20Chile,,Centro Oftalmologico Laser es el primer centro abierto de Chile dedicado exclusivamente a la Oftalmologia e introdujo la cirugia refractiva en Noviembre de 1993. Somos los pioneros en esta cirugia contabilizando ya miles de ojos operados con exito solo en Santiago. Actualmente contamos con sucursale
e5b5d51058099d2675b6ef4b36fa38b4,C,42,Valparaíso,Resolaud,Centro médico / Clínica,viña del mar,11-50,5M-10M,https://resolaud.cl,https://www.linkedin.com/company/resolaud,https://www.instagram.com/explore/search/keyword/?q=Resolaud,https://www.facebook.com/ads/library/?active_status=all&ad_type=all&country=CL&q=Resolaud,,"RESOLAUD is a company that was founded with the purpose of contributing to caring for the health of the population with hearing pathologies, offering integral solutions that allow our patients to reintegrate into their families, work and social life, through the use and application cutting-edge tech"
7fcab3b47ba1c77b1e26512a99aca0f0,C,40,RM,MyCOCOS®,Farmacia / Salud retail,santiago,11-50,5M-10M,https://mycocos.cl,https://www.linkedin.com/company/mycocos,https://www.instagram.com/explore/search/keyword/?q=MyCOCOS%C2%AE,https://www.facebook.com/ads/library/?active_status=all&ad_type=all&country=CL&q=MyCOCOS%C2%AE,,"Eleva tu rutina de cuidado personal con MyCOCOS Disenado para el hombre moderno, incluye todo lo que necesitas para un afeitado perfecto y mucho mas. Porque cuando te cuidas, lo notas tu y lo notan todos. My Cocos es una marca de origen chileno que se ha expandido al mercado latinoamericano, que ven"
b5d22299deecc31d51604b36a9487d49,C,40,Otra región,Mesa Tropera,Gastronomía,puerto varas,11-50,5M-10M,https://mesatropera.cl,https://www.linkedin.com/company/mesa-tropera,https://www.instagram.com/explore/search/keyword/?q=Mesa%20Tropera,https://www.facebook.com/ads/library/?active_status=all&ad_type=all&country=CL&q=Mesa%20Tropera,,"Mesa Tropera is a restaurants company based out of 161 Sta Rosa, Puerto Varas, Chile."
80d3987ca9daa0676b867116af42379e,C,37,Sin dato,Schonfeldt Vidamedica SpA,Fitness / Wellness / Estética,sin dato,11-50,5M-10M,https://vidamedica.cl,https://www.linkedin.com/company/vidamedica,https://www.instagram.com/explore/search/keyword/?q=Schonfeldt%20Vidamedica%20SpA,https://www.facebook.com/ads/library/?active_status=all&ad_type=all&country=CL&q=Schonfeldt%20Vidamedica%20SpA,,"Vidamedica es una empresa de origen chileno, dedicada a comercializar insumos y dispositivos medicos para que los profesionales de la salud puedan orientar y entregar a traves de estos, beneficios a sus pacientes."
dcf0b8495510d194ac6c035059398d97,C,37,Sin dato,BESTIAS,Moda / Retail,sin dato,11-50,5M-10M,https://bestiasxx.com,https://www.linkedin.com/company/bestias,https://www.instagram.com/explore/search/keyword/?q=BESTIAS,https://www.facebook.com/ads/library/?active_status=all&ad_type=all&country=CL&q=BESTIAS,,"Welcome to BESTIAS! We are an independent shoe and accessories brand. We make unique products, the result of the exquisite mixture between the best natural materials, the hand and the machine. We are passionate about good design, art, photography, and travel. 10 years of creative instinct and produc"
36700a496708262be8dd64753818f362,C,37,Sin dato,CDM Medical,Fitness / Wellness / Estética,sin dato,11-50,5M-10M,https://cdmmedical.cl,https://www.linkedin.com/company/cdm-medical,https://www.instagram.com/explore/search/keyword/?q=CDM%20Medical,https://www.facebook.com/ads/library/?active_status=all&ad_type=all&country=CL&q=CDM%20Medical,,"CDM MEDICAL, se dedica a la promocion y distribucion de productos de ultima generacion, destinados a dar una solucion efectiva y no invasiva en el terreno de la salud, la rehabilitacion, el deporte, la estetica y el bienestar general. Con las nuevas tecnologias, se han podido desarrollar equipos por"
96f60c538616f4878d595e292da70409,C,37,Sin dato,Moss Chile,Moda / Retail,sin dato,11-50,5M-10M,https://moss.cl,https://www.linkedin.com/company/moss-chile,https://www.instagram.com/explore/search/keyword/?q=Moss%20Chile,https://www.facebook.com/ads/library/?active_status=all&ad_type=all&country=CL&q=Moss%20Chile,,"Con mas de 40 anos en el rubro textil, hemos desarrollado una linea de ropa clasica masculina de excelente calidad, de buen gusto y un precio justo."
0e916db5405f7c42268e15542b978253,C,37,Sin dato,MUMBAI Chile,Fitness / Wellness / Estética,sin dato,11-50,5M-10M,https://mumbai.cl,https://www.linkedin.com/company/mumbai-chile,https://www.instagram.com/explore/search/keyword/?q=MUMBAI%20Chile,https://www.facebook.com/ads/library/?active_status=all&ad_type=all&country=CL&q=MUMBAI%20Chile,,"Somos el verdadero ""New Wellness"". Servicios de entrenamiento, Kinesiologia, Nutricion, Psicologia y mas; enfocados en mejorar tu estado fisico, recuperar tu lesion y/o lograr el equilibrio en tu vida."
f726bb3abbfc556cc9b5bc083bec6e24,C,37,Sin dato,Pure Cotton,Moda / Retail,sin dato,11-50,5M-10M,https://purecotton.cl,https://www.linkedin.com/company/pure-cotton,https://www.instagram.com/explore/search/keyword/?q=Pure%20Cotton,https://www.facebook.com/ads/library/?active_status=all&ad_type=all&country=CL&q=Pure%20Cotton,,"Pure Cotton es ropa ecologica para bebes, ninos y adultos confeccionada en Chile con Algodon Organico 100% certificado y colores naturales del algodon . Todos sus disenos son pensados para facilitar la tarea de madres y padres en la crianza de sus hijos. Nuestras telas cuentan con certificacion GOTS"
45492a927b6e137b2e9e20c2de51bf6c,C,37,Sin dato,DWS Clinic Center Santiago,Fitness / Wellness / Estética,sin dato,11-50,5M-10M,https://cksantiago.cl,https://www.linkedin.com/company/clínicakennedysantiago,https://www.instagram.com/explore/search/keyword/?q=DWS%20Clinic%20Center%20Santiago,https://www.facebook.com/ads/library/?active_status=all&ad_type=all&country=CL&q=DWS%20Clinic%20Center%20Santiago,,"Somos un grupo de profesionales y tecnicos especialistas en patologias de columna, unidos en un proyecto comun: ""Mejorar la calidad de vida de los pacientes utilizando tecnologia avanzada de minima invasion que les permita un rapido retorno a sus actividades cotidianas"". Clinica Kennedy Santiago, pe"
08c59a035132f82588ff1e80ccb00401,C,37,Sin dato,Dreamoms,Fitness / Wellness / Estética,sin dato,11-50,5M-10M,https://dreamoms.com,https://www.linkedin.com/company/dreamoms,https://www.instagram.com/explore/search/keyword/?q=Dreamoms,https://www.facebook.com/ads/library/?active_status=all&ad_type=all&country=CL&q=Dreamoms,,"Empresa de salud digital dedicada al bienestar de la mujer durante su maternidad. Somos un equipo humano que utiliza la tecnologia para acompanar a mujeres de Latinoamerica con actividades fisicas y psicologicas en formato digital, para que disfruten su proceso de maternidad descubriendo y confiando"
e88c2fffc56c66b801223506f499cb35,C,37,Sin dato,Arumi Skincare,Cosmética / Skincare,sin dato,11-50,5M-10M,https://arumi.cl,https://www.linkedin.com/company/arumi-korean-cosmetics,https://www.instagram.com/explore/search/keyword/?q=Arumi%20Skincare,https://www.facebook.com/ads/library/?active_status=all&ad_type=all&country=CL&q=Arumi%20Skincare,,"Tras un viaje a Corea del Sur nacio la idea y motivacion de crear un proyecto en Latino America de introducir de manera mas cercana la Cosmetica Coreana en alianza con StyleKorean empresa lider en Corea del Sur, con el fin de ayudar a las personas y hacer una diferencia en sus vidas. Asi fue como Ar"
56bb43cada3af68b783b6764d5ad7b6a,C,37,Sin dato,DART by teledx.org,Fitness / Wellness / Estética,sin dato,11-50,5M-10M,https://teledx.org,https://www.linkedin.com/company/dart-by-teledx.org,https://www.instagram.com/explore/search/keyword/?q=DART%20by%20teledx.org,https://www.facebook.com/ads/library/?active_status=all&ad_type=all&country=CL&q=DART%20by%20teledx.org,,"DART by teledx.org is a web platform based software that aims to automatedly detect signs of retina diseases in digital images using artificial intelligence in order to prevent them in early stages. Nearly 10% of population suffers from diabetes, and the only way to prevent diabetic-retinopathy-driv"
26b0dfba1ce178368c91b1635f96b3cc,C,37,Sin dato,Vital & Young,Fitness / Wellness / Estética,sin dato,11-50,5M-10M,https://vay.cl,https://www.linkedin.com/company/vital-and-young,https://www.instagram.com/explore/search/keyword/?q=Vital%20%26%20Young,https://www.facebook.com/ads/library/?active_status=all&ad_type=all&country=CL&q=Vital%20%26%20Young,,Vital & Young is a research and development company of advanced dietary supplements. We focus on developing formulas to treat specific chronic health conditions. Our products are distributed through a network of 400 pharmacies and 30 private healthcare centers in Chile. Our Products Include: MAQUI50
b0e23f4be766ff8a437458311aa1e2ac,C,37,Sin dato,BioDetect,Fitness / Wellness / Estética,sin dato,11-50,5M-10M,https://biodetect.cl,https://www.linkedin.com/company/biodetect,https://www.instagram.com/explore/search/keyword/?q=BioDetect,https://www.facebook.com/ads/library/?active_status=all&ad_type=all&country=CL&q=BioDetect,,"BioDetect Tests tiene una amplia trayectoria en examenes especializados y chequeos preventivos, con una experiencia de mas de 15 anos en el pais"
644729311f011a11f584653f25d713b3,C,37,Sin dato,Jose Herrera,Moda / Retail,sin dato,11-50,5M-10M,https://joseherrerabikinis.cl,https://www.linkedin.com/company/jose-herrera-chile,https://www.instagram.com/explore/search/keyword/?q=Jose%20Herrera,https://www.facebook.com/ads/library/?active_status=all&ad_type=all&country=CL&q=Jose%20Herrera,,"Mas que una marca de vestuario somos un movimiento que busca inspirar e impulsar a las mujeres para que abracen su cuerpo y su alma... su individualidad y su amor propio. Cada diseno, meticulosamente elaborado, es un testimonio de nuestro compromiso con proporcionar una experiencia personal y unica "
30556369a737c1e7ba543115c509f2e2,C,37,Sin dato,Restaurant La Mesa,Gastronomía,sin dato,11-50,5M-10M,https://restaurantlamesa.com,https://www.linkedin.com/company/restaurant-la-mesa,https://www.instagram.com/explore/search/keyword/?q=Restaurant%20La%20Mesa,https://www.facebook.com/ads/library/?active_status=all&ad_type=all&country=CL&q=Restaurant%20La%20Mesa,,"Es la pieza central y mas valiosa del hogar: convoca y nos permite compartir. Celebramos, reimos, lloramos, aprendemos y disfrutamos de aromas, colores y sabores. En definitiva, la vida sucede sobre y alrededor de ella. Hacia LA MESA llevamos productos que respetan las estaciones y el trabajo humano"
a95294d8f0baa153005db970e0887fcf,C,37,Sin dato,rapsodia chile s.a.,Moda / Retail,sin dato,11-50,5M-10M,https://rapsodia.com,https://www.linkedin.com/company/rapsodia-chile-s-a-,https://www.instagram.com/explore/search/keyword/?q=rapsodia%20chile%20s.a.,https://www.facebook.com/ads/library/?active_status=all&ad_type=all&country=CL&q=rapsodia%20chile%20s.a.,,
f626d52cdad6358bbfced47ece34635a,C,37,Sin dato,PROTECAL-DIETA PROTEINADA,Fitness / Wellness / Estética,sin dato,11-50,5M-10M,https://dietaproteinada.cl,https://www.linkedin.com/company/dieta-proteinada,https://www.instagram.com/explore/search/keyword/?q=PROTECAL-DIETA%20PROTEINADA,https://www.facebook.com/ads/library/?active_status=all&ad_type=all&country=CL&q=PROTECAL-DIETA%20PROTEINADA,,Dieta Proteinada es un tratamiento Medico para perder peso basado en el Metodo Protecal. Esta Dieta esta enfocada para que los pacientes pierdan peso de forma eficaz y segura a corto plazo. Contamos con una de red medicos certificados y especialistas del area de la salud a lo largo de Chile.
29cb9ebe502cd6fa104e1f46a8354633,C,37,Sin dato,Uv life Chile,Fitness / Wellness / Estética,sin dato,11-50,5M-10M,https://uv-life.cl,https://www.linkedin.com/company/uv-life-chile,https://www.instagram.com/explore/search/keyword/?q=Uv%20life%20Chile,https://www.facebook.com/ads/library/?active_status=all&ad_type=all&country=CL&q=Uv%20life%20Chile,,"Tecnologia de desinfeccion hospitalaria, ahora para tu casa u oficina La luz Ultravioleta generada por uv-life mata Virus, Bacterias y Hongos con un 99,9% de efectividad. Certificado en Chile por Bureau Veritas Cesmec"
901a54b436cf1f1a634282751f90d3e5,C,35,Otra región,CLINISERVICE,Centro médico / Clínica,antofagasta,11-50,5M-10M,https://cliniservice.cl,https://www.linkedin.com/company/cliniservice-salud-laboral,https://www.instagram.com/explore/search/keyword/?q=CLINISERVICE,https://www.facebook.com/ads/library/?active_status=all&ad_type=all&country=CL&q=CLINISERVICE,,"Somos una empresa del rubro de la Salud Ocupacional, autorizados por Seremi de Salud y validados por las principales faenas mineras del norte de Chile, con un enfoque dirigido a los pacientes con la finalidad de educarlos, ensenarles metodos de autocuidado y que incorporen como un habito en su vida "
6643179194baf75a2a54745b68f72a80,C,35,Otra región,Ageback Clinica Medica Estetica,Centro médico / Clínica,antofagasta,11-50,5M-10M,https://ageback.cl,https://www.linkedin.com/company/ageback-clinica-medica-estetica,https://www.instagram.com/explore/search/keyword/?q=Ageback%20Clinica%20Medica%20Estetica,https://www.facebook.com/ads/library/?active_status=all&ad_type=all&country=CL&q=Ageback%20Clinica%20Medica%20Estetica,,"Ageback Clinica Medica Estetica is a medical practice company based out of 1664 Galleguillos Lorca, Antofagasta, Chile."
aa993ac15217208335214a162a7003d1,C,32,Sin dato,"Blancodent, SOCIEDAD ODONTOLOGICA CHILENA SPA",Centro médico / Clínica,sin dato,11-50,5M-10M,https://blancodent.cl,https://www.linkedin.com/company/blancodent,https://www.instagram.com/explore/search/keyword/?q=Blancodent%2C%20SOCIEDAD%20ODONTOLOGICA%20CHILENA%20SPA,https://www.facebook.com/ads/library/?active_status=all&ad_type=all&country=CL&q=Blancodent%2C%20SOCIEDAD%20ODONTOLOGICA%20CHILENA%20SPA,,"Clinica Dental Blancodent es una red de atencion Odontologico ubicado en Vina del Mar, Valparaiso y Santiago. Con mas de 11 anos de trayectoria. Su principal objetivo es entregar tratamientos de alta calidad mediante una estadia calida y acogedora para nuestros pacientes. En Blancodent no existen la"
3d69fdfb3f6c002857171999ae978c8b,C,32,Sin dato,Clinica Odonto Art,Centro médico / Clínica,sin dato,11-50,5M-10M,https://clinicaodontoart.cl,https://www.linkedin.com/company/clinica-odonto-art,https://www.instagram.com/explore/search/keyword/?q=Clinica%20Odonto%20Art,https://www.facebook.com/ads/library/?active_status=all&ad_type=all&country=CL&q=Clinica%20Odonto%20Art,,"Clinica Odontologica personalizada, con una amplia serie de especialidades odontologicas, para un diagnostico y tratamiento correcto: - Odontologia General. - Ortodoncia. - Periodoncia. - Endodoncia. - Rehabilitacion Oral. - Implantologia. - Cirugia Bucal."
6bce5716cc8190810100ce770941a1cf,C,32,Sin dato,JCM Salud Centro Médico,Centro médico / Clínica,sin dato,11-50,5M-10M,https://jcmsalud.cl,https://www.linkedin.com/company/jcm-salud-centro-médico,https://www.instagram.com/explore/search/keyword/?q=JCM%20Salud%20Centro%20M%C3%A9dico,https://www.facebook.com/ads/library/?active_status=all&ad_type=all&country=CL&q=JCM%20Salud%20Centro%20M%C3%A9dico,,"Somos una empresa regional que se dedica a la promocion y cuidado de la salud de las personas, contamos con amplia experiencia en la administracion de salas de atencion primaria y el arriendo de ambulancias en faenas mineras, lo que nos a consolidado como una organizacion comprometida con la atencio"
fa2c6d3339c95decb157c95199fdb24b,C,32,Sin dato,AccuHealth Group,Centro médico / Clínica,sin dato,11-50,5M-10M,https://accuhealth.cl,https://www.linkedin.com/company/accuhealth-group,https://www.instagram.com/explore/search/keyword/?q=AccuHealth%20Group,https://www.facebook.com/ads/library/?active_status=all&ad_type=all&country=CL&q=AccuHealth%20Group,,"AccuHealth es la primera compania de Telemonitoreo a distancia del pais y pionera en Latinoamerica en crear el primer Hospital Virtual de la region. Gracias a nuestros procedimientos, tecnologia y al alto grado de nuestros profesionales medicos y enfermeras, AccuHealth esta lista para prestar servic"
2ecd3447a50edc4490b67a5e18a07877,C,32,Sin dato,Instituto de Neurorehabilitacion Luis Krebs,Centro médico / Clínica,sin dato,11-50,5M-10M,https://institutoluiskrebs.cl,https://www.linkedin.com/company/instituto-de-neurorehabilitacion-luis-krebs,https://www.instagram.com/explore/search/keyword/?q=Instituto%20de%20Neurorehabilitacion%20Luis%20Krebs,https://www.facebook.com/ads/library/?active_status=all&ad_type=all&country=CL&q=Instituto%20de%20Neurorehabilitacion%20Luis%20Krebs,,"Somos un grupo humano de profesionales comprometidos, entusiastas y responsables, con la tecnologia, conocimientos, preparacion y entrenamiento para enfrentar en la mejor forma a un gran discapacitado adulto. Referentes de la neurorehabilitacion del adulto cuyos conocimientos van destinados tanto al"
8b848d70cab5d21240962a31253d70dc,C,32,Sin dato,medical ltda.,Centro médico / Clínica,sin dato,11-50,5M-10M,https://medisis.cl,https://www.linkedin.com/company/medical-ltda.,https://www.instagram.com/explore/search/keyword/?q=medical%20ltda.,https://www.facebook.com/ads/library/?active_status=all&ad_type=all&country=CL&q=medical%20ltda.,,Centro medico multidiciplinario orientado a la atencion primaria en salud.