rubro,nombre,ciudad,web,fuente_publica,senal_automatizacion,por_verificar
Inmobiliaria y corretaje,Pro Casa,Santiago,,https://www.rankia.cl/blog/mejores-opiniones-chile/4102780-ranking-corredoras-propiedades,"Red de corredores independientes (""Gente Pro"") con alto volumen de contactos entrantes por propiedad",Confirmar tamaño real del equipo detrás de la red y quién decide
Inmobiliaria y corretaje,Golden Propiedades,Santiago,,https://www.mercadolibre.cl/blog/re-inmobiliaria-cuales-son-las-mejores-inmobiliarias-de-santiago,Más de 2.000 inmuebles vendidos/arrendados desde 2006 -> alto volumen histórico de consultas,Confirmar canal principal de contacto (WhatsApp vs. formulario) y si ya usan CRM
Inmobiliaria y corretaje,Deluno Propiedades,Santiago Oriente y litoral central,,https://www.rankia.cl/blog/mejores-opiniones-chile/4102780-ranking-corredoras-propiedades,Cobertura multi-zona (Santiago Oriente + Cachagua/Cantagua/Maitencillo/Papudo/Zapallar) -> coordinación de visitas a distancia,Confirmar si agenda visitas a propiedades manualmente
Inmobiliaria y corretaje,MBM Propiedades,Santiago,https://mbm.cl,https://mbm.cl/las-mejores-empresas-de-bienes-raices-en-chile/,Más de 20 años operando (fundada el 2000) -> proceso probablemente heredado y no digitalizado,Revisar si el sitio tiene agendamiento o cotización online
Inmobiliaria y corretaje,Grupo Cueto,Santiago,https://grupocueto.cl,https://grupocueto.cl,"Ofrece venta, arriendo, administración e inversión -> varias líneas de negocio en paralelo",Revisar si cada línea de negocio se gestiona con herramientas distintas
Inmobiliaria y corretaje,Vercetti Propiedades,Santiago,https://www.vercettipropiedades.cl,https://www.vercettipropiedades.cl,"Servicio completo: venta, compra, arriendo, valorización y administración -> alta carga de seguimiento por cliente",Confirmar tamaño de equipo y si usan WhatsApp Business
Inmobiliaria y corretaje,Propietat Corredora,Santiago,https://www.propietat.cl,https://www.propietat.cl,Arriendo + administración + venta desde una sola oficina boutique,Confirmar si la administración de propiedades se lleva en planillas
Inmobiliaria y corretaje,Arriendos Chile,Santiago,https://arriendoschile.cl,https://arriendoschile.cl,Administración de propiedades con asistencia jurídica incluida -> cruce de información entre áreas (arriendo + legal),Confirmar si el área legal y la de arriendo comparten sistema
Inmobiliaria y corretaje,Gia Propiedades,Santiago,https://www.gia-propiedades.cl,https://www.gia-propiedades.cl,Corredora boutique de tamaño acotado,Confirmar volumen real de consultas mensuales
Servicios profesionales B2B (legal),CZ Abogados,Providencia,https://czabogados.cl,https://czabogados.cl,"Declara explícitamente atender ""empresas de diversos rubros y tamaños"" -> cada cliente cotiza distinto",Confirmar si las cotizaciones se arman desde plantilla o desde cero
Servicios profesionales B2B (legal),Abogaley,Santiago,https://www.abogaley.cl,https://www.abogaley.cl,"Cubre derecho corporativo y tributario para empresas: creación de sociedades, contratos, cumplimiento normativo",Confirmar tamaño del equipo y si hay recepción/asistente dedicado
Servicios profesionales B2B (legal),Schneider Abogados,"Las Condes, Santiago",https://schneiderabogados.cl,https://schneiderabogados.cl/abogado/empresas,"Ofrece ""planes"" jurídicos para pymes -> volumen de clientes recurrentes con consultas repetitivas",Confirmar cómo gestionan el seguimiento de cada plan contratado
Servicios profesionales B2B (legal),AIJ Abogados,Santiago,https://www.aijabogados.cl,https://www.aijabogados.cl,Estudio jurídico generalista para empresas y personas,Confirmar tamaño de equipo y volumen de consultas
Servicios profesionales B2B (legal),AR Abogados,Santiago,https://arabogados.cl,https://arabogados.cl,"Estudio jurídico generalista, soluciones ""adaptadas a cada caso"" -> poco estandarizado",Confirmar si el primer contacto es por WhatsApp o formulario
Servicios profesionales B2B (legal),MisAbogados,"Las Condes, Santiago",https://www.misabogados.com,https://www.misabogados.com,Posicionado como servicio legal masivo/transparente -> alto volumen de consultas entrantes esperable,Confirmar canal de primer contacto y tiempos de respuesta declarados
Servicios profesionales B2B (contable/tributario),BS Chile Consultores,Santiago (atiende todo Chile),https://www.bschileconsultores.cl,https://www.bschileconsultores.cl/servicios-contables-pymes-chile/,Declara especialización explícita en pymes y medianas empresas -> volumen alto de clientes recurrentes,Confirmar si la contabilidad/reportería a clientes es manual
Servicios profesionales B2B (contable/tributario),Kreston MCA Chile,Santiago,,https://en.wikipedia.org/wiki/Kreston_International,Parte de red internacional de auditoría (Kreston) orientada a medianas y grandes empresas,Verificar tamaño real de la oficina local en Chile antes de contactar
Servicios profesionales B2B (contable/tributario),Consultoría SAV,Santiago,https://consultorasav.cl,https://consultorasav.cl,Outsourcing contable/administrativo/tributario para pymes -> gestiona reportería de varios clientes en paralelo,Confirmar cantidad de clientes activos y si usan un sistema único o uno por cliente
Servicios profesionales B2B (RR.HH.),Luppa,Santiago,https://somosluppa.cl,https://somosluppa.cl,Reclutamiento + selección + desarrollo organizacional -> procesos con muchas etapas y candidatos en paralelo,Confirmar si el seguimiento de candidatos es manual
Servicios profesionales B2B (RR.HH.),YouHR,Santiago,https://youhr.cl,https://youhr.cl,"Declara enfoque explícito en pymes: ""gestión operativa diaria"" + reclutamiento + asesoría laboral",Confirmar tamaño de equipo interno y volumen de procesos simultáneos
Servicios profesionales B2B (RR.HH.),Wiseplan,Santiago,https://www.wiseplan.cl,https://www.wiseplan.cl/consultora-de-recursos-humanos-en-chile/,Cálculo y pago de remuneraciones + administración de personas -> reportería periódica repetitiva,Confirmar si el cálculo de remuneraciones está automatizado o se arma a mano
Inmobiliaria y corretaje,Home Key Propiedades,Concepción,https://homekeypropiedades.cl,https://homekeypropiedades.cl,"Corredora boutique con tecnología (tours virtuales, drones) -> alto volumen de consultas digitales por gestionar",Confirmar tamaño de equipo y canal principal de contacto
Inmobiliaria y corretaje,Quinta Propiedades,Valparaíso,,https://porvalparaiso.com/inmobiliarias/,Inmobiliaria consolidada en la zona de Valparaíso -> volumen de consultas propio de corretaje activo,Confirmar sitio web propio y datos de contacto directos
Inmobiliaria y corretaje,Propiedades Cima,"Concepción, Viña del Mar, Santiago",https://www.propiedadescima.com,https://www.propiedadescima.com,Presencia multi-regional (Iquique a Puerto Montt) con 30+ años -> alto volumen de casos gestionados en paralelo,Confirmar si cada oficina regional opera con sistema propio o coordinado
Servicios profesionales B2B (RR.HH.),Avanzo Consultora,Santiago,https://avanzoconsultora.cl,https://avanzoconsultora.cl/pymes,Consultora de RR.HH. enfocada explícitamente en pymes y emprendedores -> procesos repetitivos por cliente,Confirmar tamaño de equipo y volumen de procesos simultáneos
Servicios profesionales B2B (gestoría/administrativo),Gestión360,Chile,https://www.gestion360chile.cl,https://www.gestion360chile.cl,Gestión contable y administrativa para pymes y emprendedores -> reportería y trámites repetitivos por cliente,Confirmar cantidad de clientes activos y ciudad de operación
Servicios profesionales B2B (gestoría/administrativo),Emprende Tu Pyme,Chile,https://emprendetupyme.cl,https://emprendetupyme.cl,Gestión y trámites legales para emprendedores -> alto volumen de trámites documentales repetitivos,Confirmar tamaño de equipo y ciudad de operación
Servicios profesionales B2B (contable/tributario),Consultores Vega,Viña del Mar,https://www.consultoresvega.cl,https://www.consultoresvega.cl/servicios/auditoria-contable/,Auditoría contable NIIF para pymes que buscan credibilidad ante bancos e inversionistas -> reportería formal recurrente,Confirmar tamaño de equipo y volumen de clientes
Servicios profesionales B2B (contable/tributario),HB Estudio Contable,Viña del Mar,https://hbestudiocontable.cl,https://hbestudiocontable.cl,Estudio contable y tributario boutique con dirección física propia -> atención personalizada a múltiples empresas en paralelo,Confirmar cantidad de clientes activos y canal principal de contacto
Servicios profesionales B2B (seguros),Grupo Insurex,Santiago,https://www.grupoinsurex.cl,https://www.grupoinsurex.cl,"Corredora especializada en empresas, pymes y licitaciones (garantías técnicas) -> cotizaciones y pólizas gestionadas caso a caso",Confirmar tamaño de equipo y volumen de pólizas gestionadas en paralelo
Servicios profesionales B2B (seguros),Seguros Broker Corredores de Seguros S.A.,Santiago,https://www.segurosbroker.cl,https://www.segurosbroker.cl/,"Atención especializada e integral a empresas desde 2011, elección de programa de seguros a medida -> proceso de cotización y renovación repetitivo por cliente",Confirmar tamaño de equipo y si el seguimiento de renovaciones es manual
Inmobiliaria y corretaje,Mundo Corretaje,La Serena,https://www.mundo-corretaje.cl,https://www.mundo-corretaje.cl/,"Corredora boutique en La Serena/Coquimbo: compraventa, arriendo y administración -> alta carga de seguimiento por propiedad",Confirmar tamaño de equipo y canal principal de contacto
Inmobiliaria y corretaje,Roma Inmobiliaria,Antofagasta,https://www.romainmobiliaria.cl,https://www.romainmobiliaria.cl/,"Corredora boutique fundada en 2008, asesoría personalizada en compraventa/arriendo/administración -> volumen de consultas propio de corretaje activo",Confirmar tamaño de equipo y si usan WhatsApp Business
Servicios profesionales B2B (administración de condominios/edificios),Administración de Edificios Santiago,Santiago,https://administraciondeedificiossantiago.cl,https://administraciondeedificiossantiago.cl,"Gestión de gastos comunes, remuneraciones y balances para múltiples edificios en paralelo -> reportería financiera repetitiva por condominio",Confirmar cantidad de edificios administrados y si el balance se arma a mano
Servicios profesionales B2B (administración de condominios/edificios),Admincondominios.cl,Chile,https://admincondominios.cl,https://admincondominios.cl,"Administración operativa y financiera de condominios (gastos comunes, informes financieros) -> mismo proceso repetido por cada condominio administrado",Confirmar cantidad de condominios activos y ciudad de operación
Inmobiliaria y corretaje,Luz Propiedades,Puerto Montt,http://www.luzpropiedades.cl/,http://www.luzpropiedades.cl/,"Empresa familiar con más de 20 años (fundada 2004) en venta, arriendo y administración -> proceso probablemente heredado y manual",Confirmar tamaño de equipo y volumen de consultas mensuales
Inmobiliaria y corretaje,Concreta Propiedades,Puerto Montt,https://www.concretapropiedades.cl/,https://www.concretapropiedades.cl/,"Selector de horarios para visitas en el sitio pero de tipo informativo, no reserva automática real",Confirmar si el selector de horarios realmente agenda o solo informa disponibilidad
Inmobiliaria y corretaje,Montt Corretajes,Puerto Montt,https://monttcorretajes.cl/,https://monttcorretajes.cl/,"Sin WhatsApp publicado siquiera -> contacto solo por formulario y teléfono, canal más lento que el resto del rubro",Confirmar tamaño de equipo y canal de primer contacto real
Servicios profesionales B2B (contable/tributario),BCG Contadores,Rancagua,https://contadoresrancagua.cl/,https://contadoresrancagua.cl/,"Declara enfoque explícito en pymes, equipo de 4 profesionales identificados (3 contadores auditores + 1 abogado) -> volumen de clientes recurrentes sin portal digital",Confirmar cantidad de clientes activos y si la reportería se arma a mano
Servicios profesionales B2B (consultoría de gestión),EFG Consulting,"Santiago (100% remoto, todo Chile)",https://efgconsulting.cl/,https://efgconsulting.cl/,"Declara explícitamente ""100% remoto"" para pymes de todo Chile, agenda por Calendly y WhatsApp -> encaja directo con nuestro propio modelo remoto",Confirmar tamaño de equipo más allá del fundador
Servicios profesionales B2B (consultoría de gestión),OPTIMA PYME,Concepción,https://optimapymechile.cl/,https://optimapymechile.cl/,"Ofrece diagnóstico y ""digitalización básica"" a pymes pero sin sistema propio de agendamiento ni portal -> contacto solo por formulario",Confirmar tamaño de equipo y volumen de clientes
Servicios profesionales B2B (consultoría de gestión),Celer,Providencia,https://celer.cl/,https://celer.cl/,Tres líneas de servicio (creación de empresas + contabilidad externalizada + consultoría) sin ningún sistema digital mencionado -> todo por teléfono/correo directo con el socio,Confirmar tamaño de equipo y volumen de clientes activos
Servicios profesionales B2B (seguros),Seguros Gaete,Viña del Mar y Las Condes,http://www.segurosgaete.cl/,http://www.segurosgaete.cl/,"Más de 15 tipos de cobertura empresarial, cotización vía formulario con ""comparativo en 24 hrs"" -> proceso de comparación manual, no instantáneo",Confirmar tamaño de equipo y volumen de cotizaciones gestionadas en paralelo
Servicios profesionales B2B (legal),Franco & Cía Abogados,Temuco,https://francoycia.cl/,https://francoycia.cl/,"Estudio fundado en 1994, declara ""12+ personas a su disposición"" y más de 150 clientes atendidos -> volumen de consultas recurrentes sin agendamiento online",Confirmar si el primer contacto es por WhatsApp o solo formulario/teléfono
Servicios profesionales B2B (legal),Delega Abogados,Temuco,https://www.delegaabogados.cl/,https://www.delegaabogados.cl/,"Ofrece ""primera consulta gratuita"" únicamente vía formulario (""cuéntanos sobre tu caso"") -> sin agendamiento online, todo el filtro inicial es manual",Confirmar tamaño de equipo y tiempos de respuesta declarados
Inmobiliaria y corretaje,Mellibovsky Propiedades,Chillán,https://mellibovskypropiedades.cl/,https://mellibovskypropiedades.cl/,Al menos 2 agentes con más de 40 propiedades publicadas cada uno -> alto volumen de consultas por gestionar sin sistema de agendamiento,Confirmar tamaño real de equipo y canal principal de contacto
Inmobiliaria y corretaje,MS Propiedades SPA,Chillán,https://mspropiedadesspa.cl/,https://mspropiedadesspa.cl/,"Venta, arriendo y administración desde una sola oficina -> mismo patrón de carga por línea de negocio que otras boutique ya cargadas",Confirmar tamaño de equipo y volumen de consultas mensuales
Servicios profesionales B2B (contable/tributario),Fuenzalida Contadores,Chile (ciudad por confirmar),https://www.fuenzalidacontadores.cl/,https://www.fuenzalidacontadores.cl/,"Declara ""planes especiales para pymes y emprendedores"" y también hace auditorías a edificios/comunidades -> dos líneas de clientes recurrentes en paralelo sin portal digital",Confirmar ciudad de operación exacta y tamaño real de equipo
Servicios profesionales B2B (RR.HH.),RYS Consultores,Concepción (oficinas también en Santiago y Antofagasta),https://rysconsultores.cl/,https://rysconsultores.cl/,"Selección, head hunting, evaluaciones psicológicas y auditorías de RRHH con 3 oficinas -> portal de postulación de terceros (trabajando.cl) pero sin automatización propia del proceso de selección",Confirmar tamaño real de equipo y si el volumen de clientes corporativos grandes la aleja del perfil boutique
Inmobiliaria y corretaje,Ascender Bienes Raíces,Valdivia,https://www.ascenderpropiedades.cl/,https://www.ascenderpropiedades.cl/,"Corretaje boutique con venta, arriendo y administración -> mismo patrón de contacto solo por WhatsApp/formulario que otras boutique ya cargadas",Confirmar tamaño de equipo y volumen de consultas mensuales
Inmobiliaria y corretaje,RMC Propiedades,Valdivia,https://www.rmcpropiedades.cl/,https://www.rmcpropiedades.cl/,"Corretaje boutique en Valdivia y Los Ríos, venta+arriendo+administración -> sin agendamiento online, solo WhatsApp/email/formulario",Confirmar tamaño real de equipo
Servicios profesionales B2B (contable/tributario),AyR Contax,Iquique,https://ayr-contax.cl/,https://ayr-contax.cl/contador-en-iquique/,"Declara enfoque explícito en pymes y emprendedores, +10 años de experiencia -> atención personalizada directa sin portal de clientes",Confirmar tamaño de equipo y volumen de clientes activos
Servicios profesionales B2B (legal),EJA - Estudio Jurídico Atacama,Copiapó,https://eja.cl/,https://eja.cl/,"4 abogados identificados + soporte de coordinación legal -> cumplimiento normativo y auditorías laborales para empresas, sin agendamiento online",Confirmar tamaño real de equipo y canal de primer contacto
Servicios profesionales B2B (gestoría/administrativo),Home Pymes,Chile (100% online),https://homepymes.cl/,https://homepymes.cl/,"Declara explícitamente ""100% online"" y más de 800 empresarios como clientes -> alto volumen gestionado con plataforma digital básica (documentos y videollamadas), sin automatizar el primer contacto",Confirmar tamaño real de equipo detrás de la plataforma
Inmobiliaria y corretaje,FDB Propiedades,Talca,https://www.fdbinversiones.cl/,https://www.fdbinversiones.cl/,"Venta y arriendo residencial y comercial en Talca; WhatsApp, formulario y correo, ""soporte permanente de nuestros asesores"" -> atención 100% manual",Confirmar tamaño de equipo y nombre del dueño (no aparece en el sitio)
Inmobiliaria y corretaje,Propiedades Gesco Maule,Talca / Linares,https://gescomaule.com/,https://gescomaule.com/,"Se definen por ""comunicación directa por WhatsApp, sin vueltas"" y prometen respuesta inicial en 24-48 horas -> el canal es el producto y la respuesta es lenta",Confirmar tamaño de equipo y nombre del dueño
Servicios profesionales B2B (legal),Maiori Abogados,Osorno,http://maiori.cl/,http://maiori.cl/,"Sociedades, contratos, compliance y laboral para empresas del sur; WhatsApp y un enlace ""Agenda una reunión"" cuyo mecanismo no se pudo confirmar -> posible agendamiento parcial","Confirmar si ""Agenda una reunión"" es calendario real o formulario; nombres de socios"
Servicios profesionales B2B (legal),Foix Estudio Jurídico,Osorno,https://foix.cl/,https://foix.cl/,"Empresas y personas, ""equipo joven"", atención presencial, videollamada o informe escrito; WhatsApp y correo, horario 8-19 -> todo entra por WhatsApp a mano",Confirmar tamaño de equipo y nombres de socios
Servicios profesionales B2B (legal),Sierpe y Ojeda Abogados,Osorno,https://sierpeyojeda.cl/,https://sierpeyojeda.cl/,"Dos socios identificados (Roberto Ojeda O. e Ignacio Sierpe S.), corporativo, laboral, copropiedad y cobranzas; solo teléfono fijo, correo y formulario, sin WhatsApp -> canal más lento del rubro",Confirmar tamaño de equipo más allá de los dos socios
Servicios profesionales B2B (contable/tributario),Consultora Gómez y Fuentes,Punta Arenas,https://consultora-gomez.com/,https://consultora-gomez.com/,"Enfoque explícito en pymes, 15+ años, equipo visible (Andrés y Jorge), promesa de ""respuesta en menos de 24 horas"" por WhatsApp/correo -> atención humana con plazo declarado",Confirmar apellido y cargo de Andrés (titular según testimonios) y tamaño de equipo
Servicios profesionales B2B (contable/tributario),Coases Ltda.,Punta Arenas,https://coases.cl/,https://coases.cl/,"Contabilidad, remuneraciones y auditoría para empresas y emprendedores; solo teléfono, correo y formulario, sin WhatsApp -> sin canal rápido ni portal","Confirmar tamaño de equipo, nombres de socios y si atienden pymes"
Inmobiliaria y corretaje,NeoCity Propiedades,Arica,https://neocitypropiedades.cl/,https://neocitypropiedades.cl/,"Equipo joven (Mauricio y Taren en testimonios), dos WhatsApp, publicación en portales y letreros -> consultas de portales atendidas a mano por dos personas",Confirmar que son más de dos personas y apellidos
Servicios profesionales B2B (administración de condominios/edificios),ALNA Administración de Condominios,Concepción / Chillán,https://www.alna.cl/,https://www.alna.cl/,"Fundador identificado (Alejandro Navarrete Arriagada, contador auditor); usan Comunidad Feliz, Edifito y Edipro para el cálculo pero no hay portal ni canal automático para residentes; WhatsApp al celular del fundador",Confirmar cantidad de comunidades y tamaño de equipo
Servicios profesionales B2B (administración de condominios/edificios),Admicec,Concepción,https://admicec.cl/,https://admicec.cl/,"Fundadora identificada (Cynthia Mella) con asistente (Daniela); usan Comunidad Feliz; WhatsApp y teléfono; ""en transición de oficina"" -> atención a copropietarios en manos de dos personas",Confirmar cantidad de edificios administrados y tamaño real de equipo
