prioridad,empresa,rubro,ciudad,decisor,cargo,fuente_decisor,canal,web,gap_verificado,solucion_sugerida,estado,fecha_contacto,notas
A,Propietat Corredora,Inmobiliaria,Providencia,Daniel Celedón Flores,Socio y cofundador,LinkedIn (perfil público),LinkedIn + WhatsApp del sitio,https://www.propietat.cl,"Equipo de 3 (Apollo). Declaran ""sin call center ni ejecutivos rotativos"": todo entra por WhatsApp/formulario y lo atiende una persona",WhatsApp que responde y agenda,por_contactar,,Boutique chica: el argumento es proteger el trato directo sin perder consultas fuera de horario
A,Grupo Cueto,Inmobiliaria,Viña del Mar / Santiago,Sebastián Cueto,Broker Owner,Búsqueda web (perfil corredor),LinkedIn + WhatsApp del sitio,https://grupocueto.cl,"Equipo de 4 (Apollo). El WhatsApp del sitio saluda automático y después deriva todo a un ejecutivo; 4 líneas de negocio (venta, arriendo, administración, inversión)",WhatsApp que responde y agenda,por_contactar,,El saludo automático es la prueba de que ya quisieron automatizar algo
A,Gia Propiedades,Inmobiliaria,Santiago,Fidel Ibáñez Ortega,Fundador,Sitio (quienes somos) + búsqueda web,LinkedIn + WhatsApp del sitio,https://www.gia-propiedades.cl,"14 años operando (razón social Inmobiliaria e Inversiones Ibáñez Aranis Ltda., 2012). Solo WhatsApp/email/formulario, sin agendamiento",WhatsApp que responde y agenda,por_contactar,,Apollo no la tiene indexada; tamaño por confirmar en la primera llamada
A,Luz Propiedades,Inmobiliaria,Puerto Montt,Any Luz Hein,Gerente General y cofundadora,Sitio (quiénes somos) + LinkedIn empresa,LinkedIn + WhatsApp del sitio,http://www.luzpropiedades.cl/,"Empresa familiar desde 2004, 4 personas (Apollo), 861 propiedades publicadas en portales. Contacto solo teléfono/WhatsApp/email",WhatsApp que responde y agenda,por_contactar,,Any Luz García (ingeniera comercial) lleva administración y estrategia: segundo contacto posible
A,Mellibovsky Propiedades,Inmobiliaria,Chillán,Yossi Mellibovsky,Dueño / corredor principal,Sitio (agentes listados),LinkedIn + WhatsApp del sitio,https://mellibovskypropiedades.cl/,"2 agentes con 44 y 18 propiedades publicadas, WhatsApp/formulario/email, sin agendamiento",WhatsApp que responde y agenda,por_contactar,,Segundo agente: Marcelo Acuña
A,Schneider Abogados,Legal,Las Condes,Peter Schneider Contreras,Director General,LinkedIn (perfil público),LinkedIn / email,https://schneiderabogados.cl,"9 personas (Apollo), crecimiento 29% en 12 meses. Ofrecen ""Plan Legal Permanente"" para pymes: clientes recurrentes atendidos por formulario y teléfono, sin portal",Automatización de procesos,por_contactar,,"Atienden clientes extranjeros (Alemania,  EE.UU.,  España): consultas en varios husos horarios"
A,AIJ Abogados,Legal,Santiago Centro,Víctor Iturra A.,Socio (área comercial y laboral),Sitio (equipo listado),LinkedIn / email,https://www.aijabogados.cl,"11 personas (Apollo), 4 abogados identificados. Prometen respuesta por WhatsApp en menos de 2 horas; las calculadoras del sitio (autodespido, pensión) no derivan al abogado",WhatsApp que responde y agenda,por_contactar,,Alternativa: Constanza Farah (civil e insolvencia)
A,Luppa,RR.HH.,Santiago,María Paz Ramírez Álvarez,Socia Directora,LinkedIn (perfil público),LinkedIn / email,https://somosluppa.cl,"17 personas (Apollo), fundada 2021, equipo de psicólogas. Hunting + selección + desarrollo organizacional sin portal de seguimiento de candidatos",Automatización de procesos,por_contactar,,Segunda socia directora: Francisca Fernández León
A,Wiseplan Chile,RR.HH.,Las Condes,Luis Rosas Asenjo,Socio y Director General,LinkedIn (perfil público),LinkedIn / email,https://www.wiseplan.cl,"16 personas (Apollo), outsourcing de remuneraciones + selección + asesoría laboral. Mencionan ""tecnología de máxima seguridad"" pero sin portal de clientes visible; oficina también en Perú",Automatización de procesos,por_contactar,,"Segundo socio: Héctor Gajardo Gaete. Sus keywords de LinkedIn ya incluyen """"automatización de nómina"""": preguntar qué tienen antes de ofrecer"
A,Celer Consultores para Pymes,Contable / consultoría,Providencia,Felipe Bustos Pérez,Socio fundador y Director General,LinkedIn (perfil público),LinkedIn / email,https://celer.cl,"20 personas (Apollo: 11 en contabilidad, 6 en consultoría). Tres líneas (creación de empresas, contabilidad externalizada, finanzas y gestión) y contacto solo por teléfono/correo al socio",Automatización de procesos,por_contactar,,Segundo socio: Felipe Pinilla Valdés (operaciones y tributaria)
A,Seguros Gaete Corredores,Seguros,Viña del Mar / Las Condes,María Loreto Gaete Celis,Gerente General (hija del fundador),Sitio (nosotros) + LinkedIn empresa,LinkedIn / email,http://www.segurosgaete.cl/,"5 personas (Apollo), desde 1978/1987, familiar. ""Cotice en menos de 1 minuto"" es un formulario; el comparativo entre aseguradoras lo arman a mano en 24 h",Cotizadores y paneles a medida,por_contactar,,Gerente comercial: Francisco José Fernández Gaete
A,Seguros Broker Corredores de Seguros,Seguros,Providencia,Lily Justiniano,Gerente General,Búsqueda web (directorio),LinkedIn / email,https://www.segurosbroker.cl,"6 personas (Apollo), desde 2011. Cotizador online real solo para vehículos (vía BCI); empresas, hogar, vida y salud se cotizan a mano por teléfono/formulario",Cotizadores y paneles a medida,por_contactar,,Ya invirtieron en un cotizador: el ángulo es extenderlo
A,Consultores Vega,Contable / auditoría,Viña del Mar,Paula Vega,Contador auditor y encargada de remuneraciones,Sitio (equipo) + búsqueda web,LinkedIn / email,https://www.consultoresvega.cl,"7 personas (Apollo), fundada 1947. Modelo reactivo: ""le contactamos el mismo día hábil"". Solo WhatsApp/teléfono/formulario",Cotizadores y paneles a medida,por_contactar,,No se identificó al socio principal: Paula Vega es el contacto con apellido de la familia fundadora
A,BCG Contadores (BCG Chile Consultores Asociados),Contable / tributario,Rancagua,Julio Quezada P.,Socio contador auditor,Sitio (empresa / equipo),LinkedIn / email,https://contadoresrancagua.cl/,"4 socios identificados (3 contadores auditores + 1 abogada), 20+ años, enfoque explícito en pymes. WhatsApp/email/formulario, sin portal",Automatización de procesos,por_contactar,,"Otros socios: Norberto Espinoza D.,  Rodrigo González P.,  Claudia Zamorano L. (abogada)"
A,Fuenzalida Contadores,Contable / tributario,Providencia,Eugenio Fuenzalida Soriano,Socio consultor y gerente,LinkedIn (perfil público),LinkedIn / email,https://www.fuenzalidacontadores.cl/,"Dos líneas de clientes recurrentes: ""planes especiales para pymes y emprendedores"" y auditoría a edificios/comunidades. Contacto: ""solicite una entrevista"" por correo/teléfono",Automatización de procesos,por_contactar,,"Fundador: Salomón Fuenzalida Infante (desde 1990). Ciudad resuelta: Rafael Cañas 270,  Providencia"
A,Franco & Cía Abogados,Legal,Temuco,Rolando Franco Ledesma,Socio fundador,Sitio + LinkedIn (perfil público),LinkedIn / email,https://francoycia.cl/,"Desde 1994, ""12+ personas"", 150+ clientes. Corporativo, litigios, insolvencias, laboral. Solo teléfono/email/botón ""Hablemos"" (formulario)",Automatización de procesos,por_contactar,,Reciben pasantes de la UFRO: estudio establecido en la zona
A,Avanzo Ágil Consultora,RR.HH.,Santiago,Marcela G.,Socia / líder del equipo (apellido por confirmar),Sitio (contacto marcela.g@),LinkedIn + WhatsApp del sitio,https://avanzoconsultora.cl,"10 personas (Apollo), 11 años, ""equipo de 8"". Reclutamiento masivo e individual para pymes e industrias de riesgo. Solo WhatsApp/teléfono/email",Automatización de procesos,por_contactar,,"Apollo describe """"plataforma con IA para reclutamiento"""": confirmar qué es antes de ofrecer. Buscar apellido en LinkedIn de la empresa"
A,Emprende tu Pyme,Gestoría / trámites,Providencia,Ricardo (apellido por confirmar),Asesor principal / fundador,Sitio (reseñas de clientes),LinkedIn + WhatsApp del sitio,https://emprendetupyme.cl,"7 personas (Apollo), desde 2015. Dos WhatsApp separados (asesoría y contabilidad), trámites repetitivos (constitución, inicio de actividades, patentes, marca)",Automatización de procesos,por_contactar,,"Equipo visible: Ricardo y Rodrigo (asesores),  Karem"
A,Admincondominios.cl (Loyola & Zúñiga Ltda.),Administración de condominios,Quinta Región,Loyola / Zúñiga (nombres por confirmar),Socios,Registro del dominio (razón social),Email hola@ + LinkedIn,https://admincondominios.cl,"Equipo: administradores, contador y secretaria. Único canal: formulario con ""respuesta dentro de 48 horas"". Informes mensuales de fondos por condominio",WhatsApp que responde y agenda,por_contactar,,Las 48 horas prometidas son la señal más concreta de todo el pipeline
A,EJA - Estudio Jurídico Atacama,Legal,Copiapó,Manuel Madrid del Real,Abogado socio,Sitio (equipo listado),LinkedIn / email,https://eja.cl/,"4 abogados + apoyo de coordinación y tecnología. Contractual, laboral, ambiental para empresas. Consulta por Google Forms, WhatsApp y email",Automatización de procesos,por_contactar,,"Otros abogados: Alejandra Torres,  Soledad Montero,  Patricio Pinto"
B,Vercetti Propiedades,Inmobiliaria,Santiago,,,"No identificado (Felipe Cornejo es corredor, no dueño)",LinkedIn empresa + WhatsApp del sitio,https://www.vercettipropiedades.cl,"7 personas (Apollo), fundada 2010/2014, 20 agentes declarados, meta de ser red nacional. WhatsApp/email/formulario, sin agendamiento",WhatsApp que responde y agenda,por_identificar_decisor,,Buscar al gerente en LinkedIn antes de escribir; fit alto
B,Arriendos Chile,Inmobiliaria (administración + legal),Providencia,,,No identificado,Email + LinkedIn empresa,https://arriendoschile.cl,"44 años, arquitectos + tasadores + abogados propios, plan estándar 7,5% del arriendo. Contacto solo formulario/teléfono/email",Automatización de procesos,por_identificar_decisor,,Fit alto (cruce arriendo + legal); falta el nombre
B,Cima Propiedades,Inmobiliaria,Concepción / Viña del Mar / Santiago,,,No identificado,Email + WhatsApp del sitio,https://inmocimapropiedades.cl/,"30+ años, oficinas en 3 ciudades, todo entra por el mismo formulario/WhatsApp. Sin portal por oficina",Automatización de procesos,por_identificar_decisor,,El dominio propiedadescima.com redirige a inmocimapropiedades.cl
B,Concreta Propiedades,Inmobiliaria,Puerto Montt,,,No identificado,WhatsApp del sitio + email,https://www.concretapropiedades.cl/,Selector de horarios de visita en el sitio que no reserva (informativo). WhatsApp/formulario,WhatsApp que responde y agenda,por_identificar_decisor,,Buin 356 Loc. 802
B,Montt Corretajes,Inmobiliaria,Puerto Montt,,,No identificado,Email + formulario,https://monttcorretajes.cl/,"Ni WhatsApp publicado: solo formulario, teléfono y email",WhatsApp que responde y agenda,por_identificar_decisor,,Tamaño desconocido; puede ser muy chica
B,Mundo Corretaje,Inmobiliaria,La Serena,,,No identificado,WhatsApp del sitio + email,https://www.mundo-corretaje.cl/,"Compraventa, arriendo y administración; dos celulares y formulario, sin agendamiento",WhatsApp que responde y agenda,por_identificar_decisor,,
B,MS Propiedades SpA,Inmobiliaria,Chillán,,,No identificado,WhatsApp del sitio + email,https://mspropiedadesspa.cl/,"Venta, arriendo y administración; WhatsApp/formulario/email. Correo de contacto es un gmail (ms.gestorinmobiliario@)",WhatsApp que responde y agenda,por_identificar_decisor,,
B,Ascender Bienes Raíces,Inmobiliaria,Valdivia,,,No identificado,WhatsApp del sitio + email,https://www.ascenderpropiedades.cl/,"Venta, arriendo, administración, tasaciones; WhatsApp/email/formulario. Correo gmail",WhatsApp que responde y agenda,por_identificar_decisor,,
B,RMC Propiedades (Mardones Propiedades),Inmobiliaria,Valdivia,R. Mardones Cea,Dueño (inferido del correo de contacto),Sitio (nosotros) + correo rmardonescea@,WhatsApp del sitio + email,https://www.rmcpropiedades.cl/,Corretaje en Valdivia y Los Ríos; WhatsApp/email/formulario,WhatsApp que responde y agenda,por_identificar_decisor,,Confirmar nombre de pila antes de escribir
B,Roma Inmobiliaria,Inmobiliaria,Antofagasta,Paola González Malatesta,Única persona identificada (LinkedIn enlazado en el sitio),Sitio,LinkedIn + WhatsApp del sitio,https://www.romainmobiliaria.cl/,"Desde 2008; dicen agilizar ""mediante tecnología"" sin especificar; contacto manual",WhatsApp que responde y agenda,por_confirmar_tamano,,Apollo no la indexa; puede ser unipersonal
B,Home Key Propiedades,Inmobiliaria,Concepción,Cristian Lengerich Ulloa,Fundador,LinkedIn empresa + búsqueda web,LinkedIn,https://homekeypropiedades.cl,"3 personas (Apollo), fundada 2020, tours virtuales y drones. El sitio no cargó en 3 intentos; Apollo describe ""visitas agendables online"": verificar antes",Por verificar,por_verificar_sitio,,Puede que ya tengan agendamiento: no ofrecerlo a ciegas
B,MBM Propiedades,Inmobiliaria,Vitacura,Marcela Martínez Barriga,Gerente General,Portal Emol Propiedades + Mercantil,LinkedIn / email,https://mbm.cl,"Desde 2000, miembro ACOP, foco sector oriente + oficinas + industrial. Sitio devuelve 503 en 3 intentos (probable bloqueo a bots, no cierre)",Por verificar,por_verificar_sitio,,Verificar el sitio desde un navegador normal
B,Golden Propiedades,Inmobiliaria,Lo Barnechea / Viña del Mar,Rosi Salazar,Contacto comercial,Mercantil,LinkedIn / email,https://www.goldenpropiedades.cl/,"4 personas (Apollo), 2.000+ propiedades vendidas/arrendadas. Sitio 503 en 3 intentos",Por verificar,por_verificar_sitio,,
B,Deluno Propiedades,Inmobiliaria,Santiago Oriente / litoral central,,,No identificado,WhatsApp del sitio + Instagram,https://www.delunopropiedades.com/,"Corredores certificados, 5 zonas de costa + Santiago Oriente, dos WhatsApp (Santiago y costa). Sin agendamiento",WhatsApp que responde y agenda,por_identificar_decisor,,
B,CZ Abogados,Legal,Providencia,Paulina Zamora Villalobos,Socia fundadora,Apollo (descripción) ,LinkedIn / email,https://czabogados.cl,"8 personas (Apollo), Empresa B. Tienen botón ""Agendar reunión"" (mecanismo no confirmado). Atienden medianas y grandes empresas, no pymes",Automatización de procesos (si aplica),por_contactar_con_cautela,,Socio: Boris Campos Silva. Cliente objetivo distinto al nuestro: preguntar antes de ofrecer
B,BS Chile Consultores,Contable / tributario,Providencia,Andrés Sepúlveda Aguilar,Socio y Gerente Tributario,Búsqueda web (registro + LinkedIn empresa),LinkedIn / email,https://www.bschileconsultores.cl,"Socios 50/50 con Consuelo Ávila Rojas (Gerente de Contabilidad). El sitio tiene ""Reservar cita"" y venden un ERP (Tao Sam): más digitales de lo que parecía",Cotizadores y paneles a medida,por_contactar_con_cautela,,"Apollo dice 2 personas; LinkedIn dice 11-50. Ángulo: onboarding/cotización,  no agenda"
B,EFG Consulting,Consultoría de gestión,Santiago (100% remoto),Francisco Javier Carrasco Alarcón,Fundador,Sitio,LinkedIn / email,https://efgconsulting.cl/,"Agenda por Calendly (ya automatizado). Vende a sus clientes un servicio de ""Gestión Automatizada"" (web, embudo, facturación)",Alianza más que venta,por_contactar_con_cautela,,Posible aliado/referidor en vez de cliente
B,OPTIMA PYME,Consultoría de gestión,Concepción,,,No identificado,Email + formulario,https://optimapymechile.cl/,"Ofrece ""digitalización básica"" y estandarización de procesos a pymes; su propio contacto es solo formulario/email",Alianza más que venta,por_identificar_decisor,,Semi-competidor: mejor como referidor
B,Home Pymes,Gestoría / administración,Chile (100% online),,,No identificado,LinkedIn empresa + formulario,https://homepymes.cl/,"800+ empresarios como clientes, 12+ años, plataforma propia para documentos y videollamadas. Primer contacto por formulario/WhatsApp/email",Automatización de procesos,por_identificar_decisor,,"Volumen alto: si el back-office es chico,  el fit es muy bueno"
B,Consultoría SAV,Contable / outsourcing,Santiago,,,No identificado,WhatsApp del sitio + email,https://consultorasav.cl,"Planes de $100K a $480K/mes con ""acceso en tiempo real a su contabilidad""; primer contacto por WhatsApp/formulario con promesa de 24 h",Cotizadores y paneles a medida,por_identificar_decisor,,Apollo no la indexa
B,HB Estudio Contable,Contable / tributario,Viña del Mar,,,No identificado,WhatsApp del sitio + email,https://hbestudiocontable.cl,"Solo WhatsApp/teléfono/email, sin formulario. Mencionan ""procesos automatizados"" en la contabilidad, no en la atención",WhatsApp que responde y agenda,por_identificar_decisor,,
B,Gestión 360 Consultores,Consultoría de cobranza,Santiago,,,"No identificado (hay otras """"Gestión 360"""" en Chile)",LinkedIn empresa + email,https://www.gestion360chile.cl,"4 personas (Apollo), fundada 2025. Especialidad real: procesos de cobranza y supervisión de empresas externas de cobranza, no contabilidad general",Automatización de procesos,por_identificar_decisor,,"Confirmar que el LinkedIn """"Gestión 360 - Consultores"""" es esta empresa y no la automotriz (g360.cl)"
B,AyR Contax,Contable / tributario,Iquique (también Pucón y Viña),,,No identificado,WhatsApp del sitio + email,https://ayr-contax.cl/,"10+ años, enfoque explícito en pymes, ""software contable moderno"" pero sin portal; atención directa con un contador",Automatización de procesos,por_identificar_decisor,,"Tiene páginas por ciudad (Iquique,  Pucón): puede ser más grande que boutique"
B,RYS Consultores (Rabanal & Stenger),RR.HH.,Concepción / Santiago / Antofagasta,,,"Apellidos de los socios en la razón social (Rabanal, Stenger)",LinkedIn empresa,https://rysconsultores.cl/,"Desde 2008, 3 oficinas, clientes corporativos, gobierno y universidades. Portal de postulación de terceros (trabajando.cl)",Automatización de procesos,por_confirmar_tamano,,3.545 seguidores en LinkedIn; puede exceder el perfil boutique
B,Grupo Insurex,Seguros,Las Condes,Marcelo Rubio Barrientos,Gerente General,LinkedIn (perfil público),LinkedIn / email,https://www.grupoinsurex.cl,"140 personas (Apollo), 21 en ventas, +72% headcount en 12 meses, 5 empresas en el grupo, se declaran ""insurtech"". Sitio sin cotizador",Proyecto personalizado (integración),por_contactar_con_cautela,,Demasiado grande para la oferta base; solo si piden algo específico
B,Administración de Edificios Santiago,Administración de condominios,Santiago,,,No identificado,Email + LinkedIn empresa,https://administraciondeedificiossantiago.cl,"2 personas (Apollo). Usan Edipro / Comunidad en Línea; contacto por teléfono, email y Facebook",WhatsApp que responde y agenda,por_confirmar_tamano,,Muy chica: el ticket puede no cerrar
C,AR Abogados,Legal,Santiago,Alejandra Retamales,Fundadora (2007),Sitio,—,https://arabogados.cl,"Solo una abogada visible, sin otro staff. Probable profesional independiente",—,descartada_icp,,Descarte ICP: sin equipo a quien devolverle horas
C,MisAbogados,Legal tech,Las Condes,,,—,—,https://www.misabogados.com,"20 personas + filial en México (58 total), levantó capital (Nazca Ventures, Start-Up Chile). Es una plataforma SaaS con portal y gestión de casos",—,descartada_icp,,Compite con la oferta más de lo que la compra
C,Abogaley,Legal (red),Nacional (11 oficinas),,,—,—,https://www.abogaley.cl,Red con 11 oficinas de Iquique a Puerto Montt y 30+ años; el dato de Apollo (2 personas en Viña) era una sucursal,—,descartada_icp,,Descarte ICP: cadena grande. Además hay una Abogaley española distinta
C,Delega Abogados,Legal (penal / personas),Temuco,Jonathan Gutiérrez Valdebenito,CEO y fundador,Sitio (sobre nosotros),—,https://www.delegaabogados.cl/,"Especialidad real: derecho penal y negligencias médicas para personas, no empresas",—,descartada_icp,,No es B2B
C,Kreston MCA Chile,Auditoría / consultoría,Providencia / Concepción,Juan Marín,Fundador,Búsqueda web,—,https://krestonmca.cl/,"Filial de Kreston Global (830 oficinas, 114 países), 35+ profesionales",—,descartada_icp,,Descarte ICP: filial de multinacional
C,YouHR,RR.HH.,Santiago / Coquimbo,,,—,—,https://youhr.cl,1 persona (Apollo). Sitio vacío en 3 intentos,—,descartada_icp,,Probable profesional independiente
C,Quinta Propiedades,Inmobiliaria,Valparaíso,,,—,—,https://quintapropiedades.cl/,1 persona (Apollo). El dominio no resuelve (DNS) en 3 intentos,—,descartada_icp,,"Probable profesional independiente,  sitio caído"
C,Pro Casa,Inmobiliaria (red de corredores),Santiago,,,—,—,,"Sin sitio propio; solo aparece en rankings de terceros. El LinkedIn ""Procasa Corredora"" es un perfil de captador",—,descartada_sin_fuente,,No hay dónde verificar nada
